DATE ADDED TO CATALOG	PUBMEDID	FIRST AUTHOR	DATE	JOURNAL	LINK	STUDY	DISEASE/TRAIT	INITIAL SAMPLE SIZE	REPLICATION SAMPLE SIZE	REGION	CHR_ID	CHR_POS	REPORTED GENE(S)	MAPPED_GENE	UPSTREAM_GENE_ID	DOWNSTREAM_GENE_ID	SNP_GENE_IDS	UPSTREAM_GENE_DISTANCE	DOWNSTREAM_GENE_DISTANCE	STRONGEST SNP-RISK ALLELE	SNPS	MERGED	SNP_ID_CURRENT	CONTEXT	INTERGENIC	RISK ALLELE FREQUENCY	P-VALUE	PVALUE_MLOG	P-VALUE (TEXT)	OR or BETA	95% CI (TEXT)	PLATFORM [SNPS PASSING QC]	CNV	MAPPED_TRAIT	MAPPED_TRAIT_URI	STUDY ACCESSION	GENOTYPING TECHNOLOGY
2025-05-22	40325049	Gu Y	2025-05-05	Nat Commun	www.ncbi.nlm.nih.gov/pubmed/40325049	Genetic architecture and risk prediction of gestational diabetes mellitus in Chinese pregnancies.	Gestational diabetes mellitus	12,024 Chinese ancestry cases, 67,845 Chinese ancestry controls	3,369 East Asian ancestry cases, 14,325 East Asian ancestry controls	6p22.3	6	20686765.0		CDKAL1			ENSG00000145996			rs9368222-A	rs9368222	0	9368222.0	intron_variant	0	NR	2e-46	45.69897000433602		0.256	[0.22-0.29] unit increase	NR [12713696] (imputed)	N	gestational diabetes	http://www.ebi.ac.uk/efo/EFO_0004593	GCST90566419	Genome-wide sequencing
2025-05-22	40325049	Gu Y	2025-05-05	Nat Commun	www.ncbi.nlm.nih.gov/pubmed/40325049	Genetic architecture and risk prediction of gestational diabetes mellitus in Chinese pregnancies.	Oral glucose tolerance test-0h	85,086 Chinese ancestry females	up to 20,026 East Asian ancestry females	9p24.3	9	672920.0		KANK1			ENSG00000107104			rs16922302-C	rs16922302	0	16922302.0	intron_variant	0	NR	9e-34	33.045757490560675		0.072	[0.06-0.084] unit increase	NR [12713700] (imputed)	N	glucose tolerance test	http://www.ebi.ac.uk/efo/EFO_0004307	GCST90566421	Genome-wide sequencing
2025-05-22	40325049	Gu Y	2025-05-05	Nat Commun	www.ncbi.nlm.nih.gov/pubmed/40325049	Genetic architecture and risk prediction of gestational diabetes mellitus in Chinese pregnancies.	Oral glucose tolerance test-0h	85,086 Chinese ancestry females	up to 20,026 East Asian ancestry females	9p24.2	9	4291928.0		GLIS3			ENSG00000107249			rs10974438-A	rs10974438	0	10974438.0	intron_variant	0	NR	2e-31	30.69897000433602		0.088	[0.072-0.104] unit decrease	NR [12713700] (imputed)	N	glucose tolerance test	http://www.ebi.ac.uk/efo/EFO_0004307	GCST90566421	Genome-wide sequencing
2025-05-22	40325049	Gu Y	2025-05-05	Nat Commun	www.ncbi.nlm.nih.gov/pubmed/40325049	Genetic architecture and risk prediction of gestational diabetes mellitus in Chinese pregnancies.	Gestational diabetes mellitus	12,024 Chinese ancestry cases, 67,845 Chinese ancestry controls	3,369 East Asian ancestry cases, 14,325 East Asian ancestry controls	9p24.2	9	4292083.0		GLIS3			ENSG00000107249			rs10758593-A	rs10758593	0	10758593.0	intron_variant	0	NR	1e-16	16.0		0.185	[0.14-0.23] unit increase	NR [12713696] (imputed)	N	gestational diabetes	http://www.ebi.ac.uk/efo/EFO_0004593	GCST90566419	Genome-wide sequencing
2025-05-22	40325049	Gu Y	2025-05-05	Nat Commun	www.ncbi.nlm.nih.gov/pubmed/40325049	Genetic architecture and risk prediction of gestational diabetes mellitus in Chinese pregnancies.	Gestational diabetes mellitus	12,024 Chinese ancestry cases, 67,845 Chinese ancestry controls	3,369 East Asian ancestry cases, 14,325 East Asian ancestry controls	11q14.3	11	92964815.0		SNRPGP16 - MTNR1B	ENSG00000255287	ENSG00000134640		27149.0	4836.0	rs10466351-T	rs10466351	0	10466351.0	intron_variant	1	NR	7e-78	77.15490195998575		0.449	[0.4-0.5] unit increase	NR [12713696] (imputed)	N	gestational diabetes	http://www.ebi.ac.uk/efo/EFO_0004593	GCST90566419	Genome-wide sequencing
2025-05-22	40325049	Gu Y	2025-05-05	Nat Commun	www.ncbi.nlm.nih.gov/pubmed/40325049	Genetic architecture and risk prediction of gestational diabetes mellitus in Chinese pregnancies.	Oral glucose tolerance test-1h	85,856 Chinese ancestry females	up to 20,026 East Asian ancestry females	4q12	4	57496980.0		LINC02380 - SRIP1	ENSG00000248505	ENSG00000248660		18639.0	606167.0	rs4865237-A	rs4865237	0	4865237.0	intergenic_variant	1	NR	1e-33	33.0		0.067	[0.055-0.079] unit decrease	NR [12713700] (imputed)	N	glucose tolerance test	http://www.ebi.ac.uk/efo/EFO_0004307	GCST90566422	Genome-wide sequencing
2025-05-22	40325049	Gu Y	2025-05-05	Nat Commun	www.ncbi.nlm.nih.gov/pubmed/40325049	Genetic architecture and risk prediction of gestational diabetes mellitus in Chinese pregnancies.	Oral glucose tolerance test-1h	85,856 Chinese ancestry females	up to 20,026 East Asian ancestry females	6p22.3	6	20680447.0		CDKAL1			ENSG00000145996			rs9348441-A	rs9348441	0	9348441.0	intron_variant	0	NR	5e-85	84.30102999566398		0.115	[0.1-0.13] unit increase	NR [12713700] (imputed)	N	glucose tolerance test	http://www.ebi.ac.uk/efo/EFO_0004307	GCST90566422	Genome-wide sequencing
2025-05-22	40325049	Gu Y	2025-05-05	Nat Commun	www.ncbi.nlm.nih.gov/pubmed/40325049	Genetic architecture and risk prediction of gestational diabetes mellitus in Chinese pregnancies.	Oral glucose tolerance test-1h	85,856 Chinese ancestry females	up to 20,026 East Asian ancestry females	7p13	7	44192179.0		GCK			ENSG00000106633			rs2971669-T	rs2971669	0	2971669.0	intergenic_variant	0	NR	6e-16	15.221848749616356		0.067	[0.051-0.083] unit increase	NR [12713700] (imputed)	N	glucose tolerance test	http://www.ebi.ac.uk/efo/EFO_0004307	GCST90566422	Genome-wide sequencing
2025-05-22	40325049	Gu Y	2025-05-05	Nat Commun	www.ncbi.nlm.nih.gov/pubmed/40325049	Genetic architecture and risk prediction of gestational diabetes mellitus in Chinese pregnancies.	Oral glucose tolerance test-1h	85,856 Chinese ancestry females	up to 20,026 East Asian ancestry females	7q32.1	7	127920488.0		SND1			ENSG00000197157			rs72607744-A	rs72607744	0	72607744.0	intron_variant	0	NR	1.0000000000000001e-28	28.0		0.14	[0.11-0.17] unit increase	NR [12713700] (imputed)	N	glucose tolerance test	http://www.ebi.ac.uk/efo/EFO_0004307	GCST90566422	Genome-wide sequencing
2025-05-22	40325049	Gu Y	2025-05-05	Nat Commun	www.ncbi.nlm.nih.gov/pubmed/40325049	Genetic architecture and risk prediction of gestational diabetes mellitus in Chinese pregnancies.	Fasting plasma glucose	56,912 Chinese ancestry females	up to 20,026 East Asian ancestry females	5q15	5	96353360.0		CAST			ENSG00000153113			rs36115340-A	rs36115340	0	36115340.0	intron_variant	0	NR	3e-56	55.52287874528034		0.109	[0.095-0.123] unit increase	NR [12713691] (imputed)	N	blood glucose amount	http://purl.obolibrary.org/obo/OBA_VT0000188	GCST90566420	Genome-wide sequencing
2025-05-22	40325049	Gu Y	2025-05-05	Nat Commun	www.ncbi.nlm.nih.gov/pubmed/40325049	Genetic architecture and risk prediction of gestational diabetes mellitus in Chinese pregnancies.	Oral glucose tolerance test-1h	85,856 Chinese ancestry females	up to 20,026 East Asian ancestry females	9p24.2	9	4292083.0		GLIS3			ENSG00000107249			rs10758593-A	rs10758593	0	10758593.0	intron_variant	0	NR	6e-23	22.221848749616356		0.073	[0.059-0.087] unit increase	NR [12713700] (imputed)	N	glucose tolerance test	http://www.ebi.ac.uk/efo/EFO_0004307	GCST90566422	Genome-wide sequencing
2025-05-22	40325049	Gu Y	2025-05-05	Nat Commun	www.ncbi.nlm.nih.gov/pubmed/40325049	Genetic architecture and risk prediction of gestational diabetes mellitus in Chinese pregnancies.	Fasting plasma glucose	56,912 Chinese ancestry females	up to 20,026 East Asian ancestry females	7p13	7	44209229.0		YKT6			ENSG00000106636			rs2908282-A	rs2908282	0	2908282.0	intron_variant	0	NR	8e-58	57.096910013008056		0.186	[0.16-0.21] unit increase	NR [12713691] (imputed)	N	blood glucose amount	http://purl.obolibrary.org/obo/OBA_VT0000188	GCST90566420	Genome-wide sequencing
2025-05-22	40325049	Gu Y	2025-05-05	Nat Commun	www.ncbi.nlm.nih.gov/pubmed/40325049	Genetic architecture and risk prediction of gestational diabetes mellitus in Chinese pregnancies.	Fasting plasma glucose	56,912 Chinese ancestry females	up to 20,026 East Asian ancestry females	7p12.1	7	50689844.0		GRB10			ENSG00000106070			rs2237490-C	rs2237490	0	2237490.0	intron_variant	0	NR	4e-19	18.397940008672037		0.066	[0.052-0.08] unit increase	NR [12713691] (imputed)	N	blood glucose amount	http://purl.obolibrary.org/obo/OBA_VT0000188	GCST90566420	Genome-wide sequencing
2025-05-22	40325049	Gu Y	2025-05-05	Nat Commun	www.ncbi.nlm.nih.gov/pubmed/40325049	Genetic architecture and risk prediction of gestational diabetes mellitus in Chinese pregnancies.	Oral glucose tolerance test-1h	85,856 Chinese ancestry females	up to 20,026 East Asian ancestry females	11q14.3	11	92966500.0		SNRPGP16 - MTNR1B	ENSG00000255287	ENSG00000134640		28834.0	3151.0	rs7941837-A	rs7941837	0	7941837.0	intron_variant	1	NR	2e-229	228.698970004336		0.26	[0.24-0.28] unit decrease	NR [12713700] (imputed)	N	glucose tolerance test	http://www.ebi.ac.uk/efo/EFO_0004307	GCST90566422	Genome-wide sequencing
2025-05-22	40325049	Gu Y	2025-05-05	Nat Commun	www.ncbi.nlm.nih.gov/pubmed/40325049	Genetic architecture and risk prediction of gestational diabetes mellitus in Chinese pregnancies.	Oral glucose tolerance test-2h	84,743 Chinese ancestry females	up to 20,026 East Asian ancestry females	1p36.12	1	23388172.0		TCEA3			ENSG00000204219			rs1212034-T	rs1212034	0	1212034.0	intron_variant	0	NR	2e-08	7.698970004336019		0.045	[0.029-0.061] unit decrease	NR [12713700] (imputed)	N	glucose tolerance test	http://www.ebi.ac.uk/efo/EFO_0004307	GCST90566423	Genome-wide sequencing
2025-05-22	40325049	Gu Y	2025-05-05	Nat Commun	www.ncbi.nlm.nih.gov/pubmed/40325049	Genetic architecture and risk prediction of gestational diabetes mellitus in Chinese pregnancies.	Oral glucose tolerance test-2h	84,743 Chinese ancestry females	up to 20,026 East Asian ancestry females	6p22.3	6	20675561.0		CDKAL1			ENSG00000145996			rs35261542-A	rs35261542	0	35261542.0	intron_variant	0	NR	1.0000000000000001e-75	75.0		0.109	[0.097-0.121] unit increase	NR [12713700] (imputed)	N	glucose tolerance test	http://www.ebi.ac.uk/efo/EFO_0004307	GCST90566423	Genome-wide sequencing
2025-05-22	40325049	Gu Y	2025-05-05	Nat Commun	www.ncbi.nlm.nih.gov/pubmed/40325049	Genetic architecture and risk prediction of gestational diabetes mellitus in Chinese pregnancies.	Fasting plasma glucose	56,912 Chinese ancestry females	up to 20,026 East Asian ancestry females	11p15.4	11	8230374.0		LMO1			ENSG00000166407			rs3750952-C	rs3750952	0	3750952.0	synonymous_variant	0	NR	4e-08	7.397940008672037		0.075	[0.048-0.102] unit decrease	NR [12713691] (imputed)	N	blood glucose amount	http://purl.obolibrary.org/obo/OBA_VT0000188	GCST90566420	Genome-wide sequencing
2025-05-22	40325049	Gu Y	2025-05-05	Nat Commun	www.ncbi.nlm.nih.gov/pubmed/40325049	Genetic architecture and risk prediction of gestational diabetes mellitus in Chinese pregnancies.	Oral glucose tolerance test-2h	84,743 Chinese ancestry females	up to 20,026 East Asian ancestry females	7q32.1	7	127613496.0		PAX4			ENSG00000106331			rs2233580-T	rs2233580	0	2233580.0	missense_variant	0	NR	4e-21	20.397940008672037		0.127	[0.1-0.154] unit increase	NR [12713700] (imputed)	N	glucose tolerance test	http://www.ebi.ac.uk/efo/EFO_0004307	GCST90566423	Genome-wide sequencing
2025-05-22	40325049	Gu Y	2025-05-05	Nat Commun	www.ncbi.nlm.nih.gov/pubmed/40325049	Genetic architecture and risk prediction of gestational diabetes mellitus in Chinese pregnancies.	Fasting plasma glucose	56,912 Chinese ancestry females	up to 20,026 East Asian ancestry females	13q12.13	13	26203351.0		RNF6			ENSG00000127870			rs76154673-T	rs76154673	0	76154673.0	intergenic_variant	0	NR	6e-12	11.221848749616356		0.053	[0.037-0.069] unit decrease	NR [12713691] (imputed)	N	blood glucose amount	http://purl.obolibrary.org/obo/OBA_VT0000188	GCST90566420	Genome-wide sequencing
2025-05-22	40325049	Gu Y	2025-05-05	Nat Commun	www.ncbi.nlm.nih.gov/pubmed/40325049	Genetic architecture and risk prediction of gestational diabetes mellitus in Chinese pregnancies.	Fasting plasma glucose	56,912 Chinese ancestry females	up to 20,026 East Asian ancestry females	17q21.1	17	39978636.0		GSDMA - PSMD3	ENSG00000167914	ENSG00000108344		868.0	2164.0	rs3907022-T	rs3907022	0	3907022.0	intergenic_variant	1	NR	4e-18	17.397940008672037		0.065	[0.051-0.079] unit increase	NR [12713691] (imputed)	N	blood glucose amount	http://purl.obolibrary.org/obo/OBA_VT0000188	GCST90566420	Genome-wide sequencing
2025-05-22	40325049	Gu Y	2025-05-05	Nat Commun	www.ncbi.nlm.nih.gov/pubmed/40325049	Genetic architecture and risk prediction of gestational diabetes mellitus in Chinese pregnancies.	Fasting plasma glucose	56,912 Chinese ancestry females	up to 20,026 East Asian ancestry females	20p11.21	20	22587957.0		LNCNEF			ENSG00000237396			rs1337919-T	rs1337919	0	1337919.0	intron_variant	0	NR	1.0000000000000001e-39	39.0		0.123	[0.11-0.14] unit decrease	NR [12713691] (imputed)	N	blood glucose amount	http://purl.obolibrary.org/obo/OBA_VT0000188	GCST90566420	Genome-wide sequencing
2025-05-22	40325049	Gu Y	2025-05-05	Nat Commun	www.ncbi.nlm.nih.gov/pubmed/40325049	Genetic architecture and risk prediction of gestational diabetes mellitus in Chinese pregnancies.	Oral glucose tolerance test-2h	84,743 Chinese ancestry females	up to 20,026 East Asian ancestry females	11p13	11	35408695.0		SLC1A2			ENSG00000110436			rs75270486-A	rs75270486	0	75270486.0	intron_variant	0	NR	4e-20	19.397940008672037		0.105	[0.083-0.127] unit increase	NR [12713700] (imputed)	N	glucose tolerance test	http://www.ebi.ac.uk/efo/EFO_0004307	GCST90566423	Genome-wide sequencing
2025-05-22	40325049	Gu Y	2025-05-05	Nat Commun	www.ncbi.nlm.nih.gov/pubmed/40325049	Genetic architecture and risk prediction of gestational diabetes mellitus in Chinese pregnancies.	Oral glucose tolerance test-0h	85,086 Chinese ancestry females	up to 20,026 East Asian ancestry females	2q31.1	2	168938778.0		ABCB11			ENSG00000073734			rs508741-T	rs508741	0	508741.0	intron_variant	0	NR	3e-77	76.52287874528034		0.15	[0.13-0.17] unit increase	NR [12713700] (imputed)	N	glucose tolerance test	http://www.ebi.ac.uk/efo/EFO_0004307	GCST90566421	Genome-wide sequencing
2025-05-22	40325049	Gu Y	2025-05-05	Nat Commun	www.ncbi.nlm.nih.gov/pubmed/40325049	Genetic architecture and risk prediction of gestational diabetes mellitus in Chinese pregnancies.	Oral glucose tolerance test-0h	85,086 Chinese ancestry females	up to 20,026 East Asian ancestry females	5q15	5	96352838.0		CAST			ENSG00000153113			rs35247507-A	rs35247507	0	35247507.0	intron_variant	0	NR	5e-102	101.30102999566398		0.123	[0.11-0.13] unit increase	NR [12713700] (imputed)	N	glucose tolerance test	http://www.ebi.ac.uk/efo/EFO_0004307	GCST90566421	Genome-wide sequencing
2025-05-22	40325049	Gu Y	2025-05-05	Nat Commun	www.ncbi.nlm.nih.gov/pubmed/40325049	Genetic architecture and risk prediction of gestational diabetes mellitus in Chinese pregnancies.	Oral glucose tolerance test-0h	85,086 Chinese ancestry females	up to 20,026 East Asian ancestry females	6q25.1	6	152090943.0		ESR1			ENSG00000091831			rs3020381-A	rs3020381	0	3020381.0	intron_variant	0	NR	2e-14	13.69897000433602		0.053	[0.039-0.067] unit decrease	NR [12713700] (imputed)	N	glucose tolerance test	http://www.ebi.ac.uk/efo/EFO_0004307	GCST90566421	Genome-wide sequencing
2025-05-22	40325049	Gu Y	2025-05-05	Nat Commun	www.ncbi.nlm.nih.gov/pubmed/40325049	Genetic architecture and risk prediction of gestational diabetes mellitus in Chinese pregnancies.	Oral glucose tolerance test-0h	85,086 Chinese ancestry females	up to 20,026 East Asian ancestry females	7p21.2	7	15023069.0		GTF3AP5 - AGMO	ENSG00000225816	ENSG00000187546		36995.0	177248.0	rs13220985-A	rs13220985	0	13220985.0	intergenic_variant	1	NR	2e-20	19.69897000433602		0.064	[0.05-0.078] unit increase	NR [12713700] (imputed)	N	glucose tolerance test	http://www.ebi.ac.uk/efo/EFO_0004307	GCST90566421	Genome-wide sequencing
2025-05-22	40325049	Gu Y	2025-05-05	Nat Commun	www.ncbi.nlm.nih.gov/pubmed/40325049	Genetic architecture and risk prediction of gestational diabetes mellitus in Chinese pregnancies.	Oral glucose tolerance test-0h	85,086 Chinese ancestry females	up to 20,026 East Asian ancestry females	7p13	7	44222379.0		CAMK2B			ENSG00000058404			rs732360-A	rs732360	0	732360.0	intron_variant	0	NR	3e-61	60.52287874528034		0.16	[0.14-0.18] unit increase	NR [12713700] (imputed)	N	glucose tolerance test	http://www.ebi.ac.uk/efo/EFO_0004307	GCST90566421	Genome-wide sequencing
2025-05-22	40325049	Gu Y	2025-05-05	Nat Commun	www.ncbi.nlm.nih.gov/pubmed/40325049	Genetic architecture and risk prediction of gestational diabetes mellitus in Chinese pregnancies.	Oral glucose tolerance test-0h	85,086 Chinese ancestry females	up to 20,026 East Asian ancestry females	8p23.1	8	9327118.0		PPP1R3B-DT			ENSG00000248538			rs10106829-A	rs10106829	0	10106829.0	intron_variant	0	NR	7e-19	18.154901959985743		0.235	[0.18-0.29] unit increase	NR [12713700] (imputed)	N	glucose tolerance test	http://www.ebi.ac.uk/efo/EFO_0004307	GCST90566421	Genome-wide sequencing
2025-05-22	40325049	Gu Y	2025-05-05	Nat Commun	www.ncbi.nlm.nih.gov/pubmed/40325049	Genetic architecture and risk prediction of gestational diabetes mellitus in Chinese pregnancies.	Oral glucose tolerance test-0h	85,086 Chinese ancestry females	up to 20,026 East Asian ancestry females	8q24.11	8	117208031.0		SLC30A8 - MED30	ENSG00000164756	ENSG00000164758		31317.0	312679.0	rs11774700-T	rs11774700	0	11774700.0	intergenic_variant	1	NR	9e-19	18.045757490560675		0.079	[0.061-0.097] unit increase	NR [12713700] (imputed)	N	glucose tolerance test	http://www.ebi.ac.uk/efo/EFO_0004307	GCST90566421	Genome-wide sequencing
2025-05-22	40325049	Gu Y	2025-05-05	Nat Commun	www.ncbi.nlm.nih.gov/pubmed/40325049	Genetic architecture and risk prediction of gestational diabetes mellitus in Chinese pregnancies.	Gestational diabetes mellitus	12,024 Chinese ancestry cases, 67,845 Chinese ancestry controls	3,369 East Asian ancestry cases, 14,325 East Asian ancestry controls	7q32.1	7	127609605.0		FSCN3 - PAX4	ENSG00000106328	ENSG00000106331		7461.0	687.0	rs61160304-T	rs61160304	0	61160304.0	intergenic_variant	1	NR	3e-21	20.522878745280337		0.353	[0.28-0.43] unit increase	NR [12713696] (imputed)	N	gestational diabetes	http://www.ebi.ac.uk/efo/EFO_0004593	GCST90566419	Genome-wide sequencing
2025-05-22	40325049	Gu Y	2025-05-05	Nat Commun	www.ncbi.nlm.nih.gov/pubmed/40325049	Genetic architecture and risk prediction of gestational diabetes mellitus in Chinese pregnancies.	Oral glucose tolerance test-0h	85,086 Chinese ancestry females	up to 20,026 East Asian ancestry females	10q22.1	10	69223873.0		HKDC1			ENSG00000156510			rs9663238-A	rs9663238	0	9663238.0	intron_variant	0	NR	1e-31	31.0		0.105	[0.087-0.123] unit increase	NR [12713700] (imputed)	N	glucose tolerance test	http://www.ebi.ac.uk/efo/EFO_0004307	GCST90566421	Genome-wide sequencing
2025-05-22	40325049	Gu Y	2025-05-05	Nat Commun	www.ncbi.nlm.nih.gov/pubmed/40325049	Genetic architecture and risk prediction of gestational diabetes mellitus in Chinese pregnancies.	Oral glucose tolerance test-0h	85,086 Chinese ancestry females	up to 20,026 East Asian ancestry females	11q14.3	11	92966500.0		SNRPGP16 - MTNR1B	ENSG00000255287	ENSG00000134640		28834.0	3151.0	rs7941837-A	rs7941837	0	7941837.0	intron_variant	1	NR	4e-143	142.39794000867204		0.207	[0.19-0.22] unit decrease	NR [12713700] (imputed)	N	glucose tolerance test	http://www.ebi.ac.uk/efo/EFO_0004307	GCST90566421	Genome-wide sequencing
2025-05-22	40325049	Gu Y	2025-05-05	Nat Commun	www.ncbi.nlm.nih.gov/pubmed/40325049	Genetic architecture and risk prediction of gestational diabetes mellitus in Chinese pregnancies.	Oral glucose tolerance test-0h	85,086 Chinese ancestry females	up to 20,026 East Asian ancestry females	20p11.21	20	22587957.0		LNCNEF			ENSG00000237396			rs1337919-T	rs1337919	0	1337919.0	intron_variant	0	NR	5.0000000000000005e-58	57.30102999566398		0.124	[0.11-0.14] unit decrease	NR [12713700] (imputed)	N	glucose tolerance test	http://www.ebi.ac.uk/efo/EFO_0004307	GCST90566421	Genome-wide sequencing
2025-05-22	40325049	Gu Y	2025-05-05	Nat Commun	www.ncbi.nlm.nih.gov/pubmed/40325049	Genetic architecture and risk prediction of gestational diabetes mellitus in Chinese pregnancies.	Fasting plasma glucose	56,912 Chinese ancestry females	up to 20,026 East Asian ancestry females	2p23.3	2	27519736.0		GCKR			ENSG00000084734			rs780093-T	rs780093	0	780093.0	intron_variant	0	NR	9e-24	23.045757490560675		0.075	[0.061-0.089] unit decrease	NR [12713691] (imputed)	N	blood glucose amount	http://purl.obolibrary.org/obo/OBA_VT0000188	GCST90566420	Genome-wide sequencing
2025-05-22	40325049	Gu Y	2025-05-05	Nat Commun	www.ncbi.nlm.nih.gov/pubmed/40325049	Genetic architecture and risk prediction of gestational diabetes mellitus in Chinese pregnancies.	Fasting plasma glucose	56,912 Chinese ancestry females	up to 20,026 East Asian ancestry females	2p16.1	2	60357893.0		MIR4432HG			ENSG00000228590			rs243020-A	rs243020	0	243020.0	intron_variant	0	NR	2e-12	11.69897000433602		0.066	[0.048-0.084] unit decrease	NR [12713691] (imputed)	N	blood glucose amount	http://purl.obolibrary.org/obo/OBA_VT0000188	GCST90566420	Genome-wide sequencing
2025-05-22	40325049	Gu Y	2025-05-05	Nat Commun	www.ncbi.nlm.nih.gov/pubmed/40325049	Genetic architecture and risk prediction of gestational diabetes mellitus in Chinese pregnancies.	Fasting plasma glucose	56,912 Chinese ancestry females	up to 20,026 East Asian ancestry females	2q31.1	2	168919713.0		ABCB11			ENSG00000073734			rs74870851-A	rs74870851	0	74870851.0	intergenic_variant	0	NR	1.9999999999999998e-50	49.69897000433602		0.158	[0.14-0.18] unit decrease	NR [12713691] (imputed)	N	blood glucose amount	http://purl.obolibrary.org/obo/OBA_VT0000188	GCST90566420	Genome-wide sequencing
2025-05-22	40325049	Gu Y	2025-05-05	Nat Commun	www.ncbi.nlm.nih.gov/pubmed/40325049	Genetic architecture and risk prediction of gestational diabetes mellitus in Chinese pregnancies.	Oral glucose tolerance test-1h	85,856 Chinese ancestry females	up to 20,026 East Asian ancestry females	7q36.3	7	156993814.0		NOM1 - MNX1	ENSG00000146909	ENSG00000130675		20638.0	237.0	rs4716672-T	rs4716672	0	4716672.0	intergenic_variant	1	NR	3e-14	13.522878745280336		0.057	[0.043-0.071] unit increase	NR [12713700] (imputed)	N	glucose tolerance test	http://www.ebi.ac.uk/efo/EFO_0004307	GCST90566422	Genome-wide sequencing
2025-05-22	40325049	Gu Y	2025-05-05	Nat Commun	www.ncbi.nlm.nih.gov/pubmed/40325049	Genetic architecture and risk prediction of gestational diabetes mellitus in Chinese pregnancies.	Oral glucose tolerance test-1h	85,856 Chinese ancestry females	up to 20,026 East Asian ancestry females	8q24.11	8	117179236.0		SLC30A8 - MED30	ENSG00000164756	ENSG00000164758		2522.0	341474.0	rs35859536-T	rs35859536	0	35859536.0	intergenic_variant	1	NR	3e-23	22.522878745280337		0.087	[0.069-0.105] unit decrease	NR [12713700] (imputed)	N	glucose tolerance test	http://www.ebi.ac.uk/efo/EFO_0004307	GCST90566422	Genome-wide sequencing
2025-05-22	40325049	Gu Y	2025-05-05	Nat Commun	www.ncbi.nlm.nih.gov/pubmed/40325049	Genetic architecture and risk prediction of gestational diabetes mellitus in Chinese pregnancies.	Fasting plasma glucose	56,912 Chinese ancestry females	up to 20,026 East Asian ancestry females	7p21.2	7	15023805.0		GTF3AP5 - AGMO	ENSG00000225816	ENSG00000187546		37731.0	176512.0	rs10487796-A	rs10487796	0	10487796.0	intergenic_variant	1	NR	3e-19	18.522878745280337		0.075	[0.059-0.091] unit decrease	NR [12713691] (imputed)	N	blood glucose amount	http://purl.obolibrary.org/obo/OBA_VT0000188	GCST90566420	Genome-wide sequencing
2025-05-22	40325049	Gu Y	2025-05-05	Nat Commun	www.ncbi.nlm.nih.gov/pubmed/40325049	Genetic architecture and risk prediction of gestational diabetes mellitus in Chinese pregnancies.	Oral glucose tolerance test-1h	85,856 Chinese ancestry females	up to 20,026 East Asian ancestry females	10q23.33	10	92700893.0		HHEX - Y_RNA	ENSG00000152804	ENSG00000201959		5246.0	9606.0	rs10882099-T	rs10882099	0	10882099.0	intron_variant	1	NR	1e-33	33.0		0.072	[0.06-0.084] unit increase	NR [12713700] (imputed)	N	glucose tolerance test	http://www.ebi.ac.uk/efo/EFO_0004307	GCST90566422	Genome-wide sequencing
2025-05-22	40325049	Gu Y	2025-05-05	Nat Commun	www.ncbi.nlm.nih.gov/pubmed/40325049	Genetic architecture and risk prediction of gestational diabetes mellitus in Chinese pregnancies.	Oral glucose tolerance test-1h	85,856 Chinese ancestry females	up to 20,026 East Asian ancestry females	11p13	11	35408695.0		SLC1A2			ENSG00000110436			rs75270486-A	rs75270486	0	75270486.0	intron_variant	0	NR	6e-28	27.221848749616356		0.125	[0.1-0.15] unit increase	NR [12713700] (imputed)	N	glucose tolerance test	http://www.ebi.ac.uk/efo/EFO_0004307	GCST90566422	Genome-wide sequencing
2025-05-22	40325049	Gu Y	2025-05-05	Nat Commun	www.ncbi.nlm.nih.gov/pubmed/40325049	Genetic architecture and risk prediction of gestational diabetes mellitus in Chinese pregnancies.	Oral glucose tolerance test-1h	85,856 Chinese ancestry females	up to 20,026 East Asian ancestry females	11q13.4	11	72717103.0		ARAP1			ENSG00000186635			rs73541184-A	rs73541184	0	73541184.0	intron_variant	0	NR	2e-08	7.698970004336019		0.069	[0.045-0.093] unit decrease	NR [12713700] (imputed)	N	glucose tolerance test	http://www.ebi.ac.uk/efo/EFO_0004307	GCST90566422	Genome-wide sequencing
2025-05-22	40325049	Gu Y	2025-05-05	Nat Commun	www.ncbi.nlm.nih.gov/pubmed/40325049	Genetic architecture and risk prediction of gestational diabetes mellitus in Chinese pregnancies.	Fasting plasma glucose	56,912 Chinese ancestry females	up to 20,026 East Asian ancestry females	9p24.3	9	635998.0		KANK1			ENSG00000107104			rs12341226-A	rs12341226	0	12341226.0	intron_variant	0	NR	9.999999999999999e-31	30.0		0.083	[0.069-0.097] unit decrease	NR [12713691] (imputed)	N	blood glucose amount	http://purl.obolibrary.org/obo/OBA_VT0000188	GCST90566420	Genome-wide sequencing
2025-05-22	40325049	Gu Y	2025-05-05	Nat Commun	www.ncbi.nlm.nih.gov/pubmed/40325049	Genetic architecture and risk prediction of gestational diabetes mellitus in Chinese pregnancies.	Fasting plasma glucose	56,912 Chinese ancestry females	up to 20,026 East Asian ancestry females	10q22.1	10	69215297.0		SUPV3L1 - HKDC1	ENSG00000156502	ENSG00000156510		6189.0	4995.0	rs58433451-T	rs58433451	0	58433451.0	intergenic_variant	1	NR	4e-13	12.397940008672036		0.075	[0.055-0.095] unit decrease	NR [12713691] (imputed)	N	blood glucose amount	http://purl.obolibrary.org/obo/OBA_VT0000188	GCST90566420	Genome-wide sequencing
2025-05-22	40325049	Gu Y	2025-05-05	Nat Commun	www.ncbi.nlm.nih.gov/pubmed/40325049	Genetic architecture and risk prediction of gestational diabetes mellitus in Chinese pregnancies.	Oral glucose tolerance test-2h	84,743 Chinese ancestry females	up to 20,026 East Asian ancestry females	6p21.2	6	39078868.0		GLP1R			ENSG00000112164			rs742762-A	rs742762	0	742762.0	intron_variant	0	NR	6e-11	10.221848749616356		0.048	[0.034-0.062] unit increase	NR [12713700] (imputed)	N	glucose tolerance test	http://www.ebi.ac.uk/efo/EFO_0004307	GCST90566423	Genome-wide sequencing
2025-05-22	40325049	Gu Y	2025-05-05	Nat Commun	www.ncbi.nlm.nih.gov/pubmed/40325049	Genetic architecture and risk prediction of gestational diabetes mellitus in Chinese pregnancies.	Fasting plasma glucose	56,912 Chinese ancestry females	up to 20,026 East Asian ancestry females	11q14.3	11	92965261.0		SNRPGP16 - MTNR1B	ENSG00000255287	ENSG00000134640		27595.0	4390.0	rs10830962-C	rs10830962	0	10830962.0	intron_variant	1	NR	9.999999999999999e-57	56.0		0.158	[0.14-0.18] unit decrease	NR [12713691] (imputed)	N	blood glucose amount	http://purl.obolibrary.org/obo/OBA_VT0000188	GCST90566420	Genome-wide sequencing
2025-05-22	40325049	Gu Y	2025-05-05	Nat Commun	www.ncbi.nlm.nih.gov/pubmed/40325049	Genetic architecture and risk prediction of gestational diabetes mellitus in Chinese pregnancies.	Oral glucose tolerance test-2h	84,743 Chinese ancestry females	up to 20,026 East Asian ancestry females	9p24.2	9	4285119.0		GLIS3			ENSG00000107249			rs3934283-C	rs3934283	0	3934283.0	intron_variant	0	NR	1e-33	33.0		0.087	[0.073-0.101] unit decrease	NR [12713700] (imputed)	N	glucose tolerance test	http://www.ebi.ac.uk/efo/EFO_0004307	GCST90566423	Genome-wide sequencing
2025-05-22	40325049	Gu Y	2025-05-05	Nat Commun	www.ncbi.nlm.nih.gov/pubmed/40325049	Genetic architecture and risk prediction of gestational diabetes mellitus in Chinese pregnancies.	Oral glucose tolerance test-2h	84,743 Chinese ancestry females	up to 20,026 East Asian ancestry females	10q22.1	10	69224180.0		HKDC1			ENSG00000156510			rs35199395-C	rs35199395	0	35199395.0	intron_variant	0	NR	5.000000000000001e-72	71.30102999566398		0.162	[0.14-0.18] unit increase	NR [12713700] (imputed)	N	glucose tolerance test	http://www.ebi.ac.uk/efo/EFO_0004307	GCST90566423	Genome-wide sequencing
2025-05-22	40325049	Gu Y	2025-05-05	Nat Commun	www.ncbi.nlm.nih.gov/pubmed/40325049	Genetic architecture and risk prediction of gestational diabetes mellitus in Chinese pregnancies.	Oral glucose tolerance test-2h	84,743 Chinese ancestry females	up to 20,026 East Asian ancestry females	10q23.33	10	92631940.0		KIF11			ENSG00000138160			rs11187107-A	rs11187107	0	11187107.0	intron_variant	0	NR	9.000000000000001e-23	22.045757490560675		0.054	[0.044-0.064] unit decrease	NR [12713700] (imputed)	N	glucose tolerance test	http://www.ebi.ac.uk/efo/EFO_0004307	GCST90566423	Genome-wide sequencing
2025-05-22	40325049	Gu Y	2025-05-05	Nat Commun	www.ncbi.nlm.nih.gov/pubmed/40325049	Genetic architecture and risk prediction of gestational diabetes mellitus in Chinese pregnancies.	Oral glucose tolerance test-0h	85,086 Chinese ancestry females	up to 20,026 East Asian ancestry females	2p16.1	2	60352853.0		MIR4432HG			ENSG00000228590			rs968919-T	rs968919	0	968919.0	intron_variant	0	NR	3e-27	26.522878745280337		0.084	[0.068-0.1] unit decrease	NR [12713700] (imputed)	N	glucose tolerance test	http://www.ebi.ac.uk/efo/EFO_0004307	GCST90566421	Genome-wide sequencing
2025-05-22	40325049	Gu Y	2025-05-05	Nat Commun	www.ncbi.nlm.nih.gov/pubmed/40325049	Genetic architecture and risk prediction of gestational diabetes mellitus in Chinese pregnancies.	Oral glucose tolerance test-2h	84,743 Chinese ancestry females	up to 20,026 East Asian ancestry females	11q14.3	11	92966500.0		SNRPGP16 - MTNR1B	ENSG00000255287	ENSG00000134640		28834.0	3151.0	rs7941837-A	rs7941837	0	7941837.0	intron_variant	1	NR	3e-82	81.52287874528034		0.156	[0.14-0.17] unit decrease	NR [12713700] (imputed)	N	glucose tolerance test	http://www.ebi.ac.uk/efo/EFO_0004307	GCST90566423	Genome-wide sequencing
2025-05-22	40325049	Gu Y	2025-05-05	Nat Commun	www.ncbi.nlm.nih.gov/pubmed/40325049	Genetic architecture and risk prediction of gestational diabetes mellitus in Chinese pregnancies.	Glycated hemoglobin levels	69,269 Chinese ancestry females	up to 20,026 East Asian ancestry females	1q22	1	156265430.0		SMG5			ENSG00000198952			rs12118238-A	rs12118238	0	12118238.0	intron_variant	0	NR	7e-22	21.154901959985743		0.07	[0.056-0.084] unit decrease	NR [12713697] (imputed)	N	HbA1c measurement	http://www.ebi.ac.uk/efo/EFO_0004541	GCST90566424	Genome-wide sequencing
2025-05-22	40325049	Gu Y	2025-05-05	Nat Commun	www.ncbi.nlm.nih.gov/pubmed/40325049	Genetic architecture and risk prediction of gestational diabetes mellitus in Chinese pregnancies.	Glycated hemoglobin levels	69,269 Chinese ancestry females	up to 20,026 East Asian ancestry females	1q23.1	1	158615440.0		SPTA1			ENSG00000163554			rs2518491-T	rs2518491	0	2518491.0	intron_variant	0	NR	9.999999999999999e-31	30.0		0.07	[0.058-0.082] unit increase	NR [12713697] (imputed)	N	HbA1c measurement	http://www.ebi.ac.uk/efo/EFO_0004541	GCST90566424	Genome-wide sequencing
2025-05-22	40325049	Gu Y	2025-05-05	Nat Commun	www.ncbi.nlm.nih.gov/pubmed/40325049	Genetic architecture and risk prediction of gestational diabetes mellitus in Chinese pregnancies.	Glycated hemoglobin levels	69,269 Chinese ancestry females	up to 20,026 East Asian ancestry females	2q31.1	2	168938778.0		ABCB11			ENSG00000073734			rs508741-T	rs508741	0	508741.0	intron_variant	0	NR	8e-14	13.096910013008056		0.065	[0.047-0.083] unit increase	NR [12713697] (imputed)	N	HbA1c measurement	http://www.ebi.ac.uk/efo/EFO_0004541	GCST90566424	Genome-wide sequencing
2025-05-22	40325049	Gu Y	2025-05-05	Nat Commun	www.ncbi.nlm.nih.gov/pubmed/40325049	Genetic architecture and risk prediction of gestational diabetes mellitus in Chinese pregnancies.	Glycated hemoglobin levels	69,269 Chinese ancestry females	up to 20,026 East Asian ancestry females	4q25	4	110035176.0		EGF - ELOVL6	ENSG00000138798	ENSG00000170522		21410.0	10670.0	rs79375912-A	rs79375912	0	79375912.0	intergenic_variant	1	NR	2.0000000000000002e-23	22.69897000433602		0.075	[0.059-0.091] unit increase	NR [12713697] (imputed)	N	HbA1c measurement	http://www.ebi.ac.uk/efo/EFO_0004541	GCST90566424	Genome-wide sequencing
2025-05-22	40325049	Gu Y	2025-05-05	Nat Commun	www.ncbi.nlm.nih.gov/pubmed/40325049	Genetic architecture and risk prediction of gestational diabetes mellitus in Chinese pregnancies.	Glycated hemoglobin levels	69,269 Chinese ancestry females	up to 20,026 East Asian ancestry females	5q15	5	96381018.0		CAST			ENSG00000153113			rs7713317-A	rs7713317	0	7713317.0	intron_variant	0	NR	8e-18	17.096910013008056		0.053	[0.041-0.065] unit increase	NR [12713697] (imputed)	N	HbA1c measurement	http://www.ebi.ac.uk/efo/EFO_0004541	GCST90566424	Genome-wide sequencing
2025-05-22	40325049	Gu Y	2025-05-05	Nat Commun	www.ncbi.nlm.nih.gov/pubmed/40325049	Genetic architecture and risk prediction of gestational diabetes mellitus in Chinese pregnancies.	Glycated hemoglobin levels	69,269 Chinese ancestry females	up to 20,026 East Asian ancestry females	6p22.3	6	20686765.0		CDKAL1			ENSG00000145996			rs9368222-A	rs9368222	0	9368222.0	intron_variant	0	NR	3e-09	8.522878745280337		0.038	[0.026-0.05] unit increase	NR [12713697] (imputed)	N	HbA1c measurement	http://www.ebi.ac.uk/efo/EFO_0004541	GCST90566424	Genome-wide sequencing
2025-05-22	40325049	Gu Y	2025-05-05	Nat Commun	www.ncbi.nlm.nih.gov/pubmed/40325049	Genetic architecture and risk prediction of gestational diabetes mellitus in Chinese pregnancies.	Glycated hemoglobin levels	69,269 Chinese ancestry females	up to 20,026 East Asian ancestry females	6q23.3	6	135097880.0		HBS1L			ENSG00000112339			rs9399137-T	rs9399137	0	9399137.0	intergenic_variant	0	NR	3e-37	36.52287874528034		0.125	[0.11-0.14] unit increase	NR [12713697] (imputed)	N	HbA1c measurement	http://www.ebi.ac.uk/efo/EFO_0004541	GCST90566424	Genome-wide sequencing
2025-05-22	40325049	Gu Y	2025-05-05	Nat Commun	www.ncbi.nlm.nih.gov/pubmed/40325049	Genetic architecture and risk prediction of gestational diabetes mellitus in Chinese pregnancies.	Glycated hemoglobin levels	69,269 Chinese ancestry females	up to 20,026 East Asian ancestry females	7p13	7	44205461.0		YKT6			ENSG00000106636			rs2971667-T	rs2971667	0	2971667.0	intron_variant	0	NR	2.0000000000000002e-24	23.69897000433602		0.102	[0.082-0.122] unit decrease	NR [12713697] (imputed)	N	HbA1c measurement	http://www.ebi.ac.uk/efo/EFO_0004541	GCST90566424	Genome-wide sequencing
2025-05-22	40325049	Gu Y	2025-05-05	Nat Commun	www.ncbi.nlm.nih.gov/pubmed/40325049	Genetic architecture and risk prediction of gestational diabetes mellitus in Chinese pregnancies.	Glycated hemoglobin levels	69,269 Chinese ancestry females	up to 20,026 East Asian ancestry females	9q31.2	9	107768269.0		RNU6-996P - RNU6-1064P	ENSG00000202308	ENSG00000222558		105023.0	29475.0	rs75107624-A	rs75107624	0	75107624.0	intron_variant	1	NR	8e-19	18.096910013008056		0.101	[0.079-0.123] unit increase	NR [12713697] (imputed)	N	HbA1c measurement	http://www.ebi.ac.uk/efo/EFO_0004541	GCST90566424	Genome-wide sequencing
2025-05-22	40325049	Gu Y	2025-05-05	Nat Commun	www.ncbi.nlm.nih.gov/pubmed/40325049	Genetic architecture and risk prediction of gestational diabetes mellitus in Chinese pregnancies.	Glycated hemoglobin levels	69,269 Chinese ancestry females	up to 20,026 East Asian ancestry females	11p15.5	11	221322.0		SIRT3			ENSG00000142082			rs574185-T	rs574185	0	574185.0	intron_variant	0	NR	3e-16	15.522878745280336		0.067	[0.051-0.083] unit increase	NR [12713697] (imputed)	N	HbA1c measurement	http://www.ebi.ac.uk/efo/EFO_0004541	GCST90566424	Genome-wide sequencing
2025-05-22	40325049	Gu Y	2025-05-05	Nat Commun	www.ncbi.nlm.nih.gov/pubmed/40325049	Genetic architecture and risk prediction of gestational diabetes mellitus in Chinese pregnancies.	Glycated hemoglobin levels	69,269 Chinese ancestry females	up to 20,026 East Asian ancestry females	11q14.3	11	92951156.0		SNRPGP16 - MTNR1B	ENSG00000255287	ENSG00000134640		13490.0	18495.0	rs7933855-A	rs7933855	0	7933855.0	intron_variant	1	NR	7e-13	12.154901959985745		0.059	[0.043-0.075] unit increase	NR [12713697] (imputed)	N	HbA1c measurement	http://www.ebi.ac.uk/efo/EFO_0004541	GCST90566424	Genome-wide sequencing
2025-05-22	40325049	Gu Y	2025-05-05	Nat Commun	www.ncbi.nlm.nih.gov/pubmed/40325049	Genetic architecture and risk prediction of gestational diabetes mellitus in Chinese pregnancies.	Glycated hemoglobin levels	69,269 Chinese ancestry females	up to 20,026 East Asian ancestry females	16p13.3	16	309611.0		AXIN1			ENSG00000103126			rs76038336-C	rs76038336	0	76038336.0	intron_variant	0	NR	4.9999999999999996e-26	25.30102999566398		0.238	[0.19-0.28] unit increase	NR [12713697] (imputed)	N	HbA1c measurement	http://www.ebi.ac.uk/efo/EFO_0004541	GCST90566424	Genome-wide sequencing
2025-05-22	40325049	Gu Y	2025-05-05	Nat Commun	www.ncbi.nlm.nih.gov/pubmed/40325049	Genetic architecture and risk prediction of gestational diabetes mellitus in Chinese pregnancies.	Glycated hemoglobin levels	69,269 Chinese ancestry females	up to 20,026 East Asian ancestry females	17q25.3	17	78125997.0		TMC6			ENSG00000141524			rs761772-T	rs761772	0	761772.0	non_coding_transcript_exon_variant	0	NR	2e-15	14.69897000433602		0.118	[0.089-0.147] unit decrease	NR [12713697] (imputed)	N	HbA1c measurement	http://www.ebi.ac.uk/efo/EFO_0004541	GCST90566424	Genome-wide sequencing
2025-05-22	40325049	Gu Y	2025-05-05	Nat Commun	www.ncbi.nlm.nih.gov/pubmed/40325049	Genetic architecture and risk prediction of gestational diabetes mellitus in Chinese pregnancies.	Glycated hemoglobin levels	69,269 Chinese ancestry females	up to 20,026 East Asian ancestry females	17q25.3	17	82739582.0		FN3K			ENSG00000167363			rs113373052-T	rs113373052	0	113373052.0	intron_variant	0	NR	1e-43	43.0		0.089	[0.077-0.101] unit increase	NR [12713697] (imputed)	N	HbA1c measurement	http://www.ebi.ac.uk/efo/EFO_0004541	GCST90566424	Genome-wide sequencing
2025-05-22	40325049	Gu Y	2025-05-05	Nat Commun	www.ncbi.nlm.nih.gov/pubmed/40325049	Genetic architecture and risk prediction of gestational diabetes mellitus in Chinese pregnancies.	Glycated hemoglobin levels	69,269 Chinese ancestry females	up to 20,026 East Asian ancestry females	Xq28	X	153650575.0		DUSP9			ENSG00000130829			rs146844151-A	rs146844151	0	146844151.0	3_prime_UTR_variant	0	NR	4.999999999999999e-44	43.30102999566398		0.288	[0.25-0.33] unit decrease	NR [12713697] (imputed)	N	HbA1c measurement	http://www.ebi.ac.uk/efo/EFO_0004541	GCST90566424	Genome-wide sequencing
2025-05-22	40325049	Gu Y	2025-05-05	Nat Commun	www.ncbi.nlm.nih.gov/pubmed/40325049	Genetic architecture and risk prediction of gestational diabetes mellitus in Chinese pregnancies.	Glycated hemoglobin levels	69,269 Chinese ancestry females	up to 20,026 East Asian ancestry females	Xq28	X	154532257.0		G6PD			ENSG00000160211			rs72554664-T	rs72554664	0	72554664.0	missense_variant	0	NR	5.000000000000001e-125	124.30102999566398		0.797	[0.73-0.86] unit decrease	NR [12713697] (imputed)	N	HbA1c measurement	http://www.ebi.ac.uk/efo/EFO_0004541	GCST90566424	Genome-wide sequencing
2025-05-22	40325049	Gu Y	2025-05-05	Nat Commun	www.ncbi.nlm.nih.gov/pubmed/40325049	Genetic architecture and risk prediction of gestational diabetes mellitus in Chinese pregnancies.	Glycated hemoglobin levels	69,269 Chinese ancestry females	up to 20,026 East Asian ancestry females	Xq28	X	155144174.0		MTCP1			ENSG00000214827			rs182573065-A	rs182573065	0	182573065.0	intron_variant	0	NR	1e-178	178.0		0.725	[0.68-0.77] unit increase	NR [12713697] (imputed)	N	HbA1c measurement	http://www.ebi.ac.uk/efo/EFO_0004541	GCST90566424	Genome-wide sequencing
2025-05-22	40325049	Gu Y	2025-05-05	Nat Commun	www.ncbi.nlm.nih.gov/pubmed/40325049	Genetic architecture and risk prediction of gestational diabetes mellitus in Chinese pregnancies.	Glycated hemoglobin levels	69,269 Chinese ancestry females	up to 20,026 East Asian ancestry females	Xq28	X	155778330.0		SPRY3			ENSG00000168939			rs188561366-C	rs188561366	0	188561366.0	3_prime_UTR_variant	0	NR	1.0000000000000001e-24	24.0		0.617	[0.5-0.73] unit increase	NR [12713697] (imputed)	N	HbA1c measurement	http://www.ebi.ac.uk/efo/EFO_0004541	GCST90566424	Genome-wide sequencing
2024-03-06	38372780	Zhen J	2024-02-19	Diabetologia	www.ncbi.nlm.nih.gov/pubmed/38372780	Genome-wide association and Mendelian randomisation analysis among 30,699 Chinese pregnant women identifies novel genetic and molecular risk factors for gestational diabetes and glycaemic traits.	Gestational diabetes mellitus	3,317 East Asian ancestry cases, 19,565 East Asian ancestry controls	1,087 East Asian ancestry cases, 4,296 East Asian ancestry controls	11q14.3	11	92975544.0		MTNR1B			ENSG00000134640			rs10830963-?	rs10830963	0	10830963.0	intron_variant	0	NR	7e-38	37.15490195998574				NR [6788753] (imputed)	N	gestational diabetes	http://www.ebi.ac.uk/efo/EFO_0004593	GCST90297786	Genome-wide sequencing
2024-03-06	38372780	Zhen J	2024-02-19	Diabetologia	www.ncbi.nlm.nih.gov/pubmed/38372780	Genome-wide association and Mendelian randomisation analysis among 30,699 Chinese pregnant women identifies novel genetic and molecular risk factors for gestational diabetes and glycaemic traits.	Gestational diabetes mellitus	3,317 East Asian ancestry cases, 19,565 East Asian ancestry controls	1,087 East Asian ancestry cases, 4,296 East Asian ancestry controls	8q24.11	8	117172544.0		SLC30A8			ENSG00000164756			rs13266634-?	rs13266634	0	13266634.0	missense_variant	0	NR	3e-10	9.522878745280336				NR [6788753] (imputed)	N	gestational diabetes	http://www.ebi.ac.uk/efo/EFO_0004593	GCST90297786	Genome-wide sequencing
2024-03-06	38372780	Zhen J	2024-02-19	Diabetologia	www.ncbi.nlm.nih.gov/pubmed/38372780	Genome-wide association and Mendelian randomisation analysis among 30,699 Chinese pregnant women identifies novel genetic and molecular risk factors for gestational diabetes and glycaemic traits.	Gestational diabetes mellitus	3,317 East Asian ancestry cases, 19,565 East Asian ancestry controls	1,087 East Asian ancestry cases, 4,296 East Asian ancestry controls	2q33.3	2	206947000.0		CPO			ENSG00000144410			rs1597916-?	rs1597916	0	1597916.0	intron_variant	0	NR	1e-08	8.0				NR [6788753] (imputed)	N	gestational diabetes	http://www.ebi.ac.uk/efo/EFO_0004593	GCST90297786	Genome-wide sequencing
2024-03-06	38372780	Zhen J	2024-02-19	Diabetologia	www.ncbi.nlm.nih.gov/pubmed/38372780	Genome-wide association and Mendelian randomisation analysis among 30,699 Chinese pregnant women identifies novel genetic and molecular risk factors for gestational diabetes and glycaemic traits.	Gestational diabetes mellitus	3,317 East Asian ancestry cases, 19,565 East Asian ancestry controls	1,087 East Asian ancestry cases, 4,296 East Asian ancestry controls	6p22.3	6	20686342.0		CDKAL1			ENSG00000145996			rs7766070-?	rs7766070	0	7766070.0	intron_variant	0	NR	5e-13	12.30102999566398				NR [6788753] (imputed)	N	gestational diabetes	http://www.ebi.ac.uk/efo/EFO_0004593	GCST90297786	Genome-wide sequencing
2024-03-06	38372780	Zhen J	2024-02-19	Diabetologia	www.ncbi.nlm.nih.gov/pubmed/38372780	Genome-wide association and Mendelian randomisation analysis among 30,699 Chinese pregnant women identifies novel genetic and molecular risk factors for gestational diabetes and glycaemic traits.	Fasting plasma glucose	26,751 East Asian ancestry individuals	6,542 East Asian ancestry individuals	2q31.1	2	168956886.0		ABCB11			ENSG00000073734			rs853774-?	rs853774	0	853774.0	intron_variant	0	NR	5e-25	24.30102999566398				NR [6788758] (imputed)	N	blood glucose amount	http://purl.obolibrary.org/obo/OBA_VT0000188	GCST90297787	Genome-wide sequencing
2024-03-06	38372780	Zhen J	2024-02-19	Diabetologia	www.ncbi.nlm.nih.gov/pubmed/38372780	Genome-wide association and Mendelian randomisation analysis among 30,699 Chinese pregnant women identifies novel genetic and molecular risk factors for gestational diabetes and glycaemic traits.	Fasting plasma glucose	26,751 East Asian ancestry individuals	6,542 East Asian ancestry individuals	2p23.3	2	27525730.0		GCKR - SPATA31H1	ENSG00000084734	ENSG00000221843		2042.0	11656.0	rs1260334-?	rs1260334	0	1260334.0	intergenic_variant	1	NR	3e-09	8.522878745280337				NR [6788758] (imputed)	N	blood glucose amount	http://purl.obolibrary.org/obo/OBA_VT0000188	GCST90297787	Genome-wide sequencing
2024-03-06	38372780	Zhen J	2024-02-19	Diabetologia	www.ncbi.nlm.nih.gov/pubmed/38372780	Genome-wide association and Mendelian randomisation analysis among 30,699 Chinese pregnant women identifies novel genetic and molecular risk factors for gestational diabetes and glycaemic traits.	Fasting plasma glucose	26,751 East Asian ancestry individuals	6,542 East Asian ancestry individuals	5q15	5	96383142.0		CAST			ENSG00000153113			rs10476553-?	rs10476553	0	10476553.0	intron_variant	0	NR	1e-21	21.0				NR [6788758] (imputed)	N	blood glucose amount	http://purl.obolibrary.org/obo/OBA_VT0000188	GCST90297787	Genome-wide sequencing
2024-03-06	38372780	Zhen J	2024-02-19	Diabetologia	www.ncbi.nlm.nih.gov/pubmed/38372780	Genome-wide association and Mendelian randomisation analysis among 30,699 Chinese pregnant women identifies novel genetic and molecular risk factors for gestational diabetes and glycaemic traits.	Fasting plasma glucose	26,751 East Asian ancestry individuals	6,542 East Asian ancestry individuals	7p13	7	44221147.0		CAMK2B			ENSG00000058404			rs57501127-?	rs57501127	0	57501127.0	intron_variant	0	NR	1e-14	14.0				NR [6788758] (imputed)	N	blood glucose amount	http://purl.obolibrary.org/obo/OBA_VT0000188	GCST90297787	Genome-wide sequencing
2024-03-06	38372780	Zhen J	2024-02-19	Diabetologia	www.ncbi.nlm.nih.gov/pubmed/38372780	Genome-wide association and Mendelian randomisation analysis among 30,699 Chinese pregnant women identifies novel genetic and molecular risk factors for gestational diabetes and glycaemic traits.	Fasting plasma glucose	26,751 East Asian ancestry individuals	6,542 East Asian ancestry individuals	9p24.3	9	687719.0		KANK1			ENSG00000107104			rs59858868-?	rs59858868	0	59858868.0	intron_variant	0	NR	1e-11	11.0				NR [6788758] (imputed)	N	blood glucose amount	http://purl.obolibrary.org/obo/OBA_VT0000188	GCST90297787	Genome-wide sequencing
2024-03-06	38372780	Zhen J	2024-02-19	Diabetologia	www.ncbi.nlm.nih.gov/pubmed/38372780	Genome-wide association and Mendelian randomisation analysis among 30,699 Chinese pregnant women identifies novel genetic and molecular risk factors for gestational diabetes and glycaemic traits.	Fasting plasma glucose	26,751 East Asian ancestry individuals	6,542 East Asian ancestry individuals	11q14.3	11	92965261.0		SNRPGP16 - MTNR1B	ENSG00000255287	ENSG00000134640		27595.0	4390.0	rs10830962-?	rs10830962	0	10830962.0	intron_variant	1	NR	2.0000000000000002e-24	23.69897000433602				NR [6788758] (imputed)	N	blood glucose amount	http://purl.obolibrary.org/obo/OBA_VT0000188	GCST90297787	Genome-wide sequencing
2024-03-06	38372780	Zhen J	2024-02-19	Diabetologia	www.ncbi.nlm.nih.gov/pubmed/38372780	Genome-wide association and Mendelian randomisation analysis among 30,699 Chinese pregnant women identifies novel genetic and molecular risk factors for gestational diabetes and glycaemic traits.	Fasting plasma glucose	26,751 East Asian ancestry individuals	6,542 East Asian ancestry individuals	20p11.21	20	22575955.0		LINC00261			ENSG00000259974			rs6036152-?	rs6036152	0	6036152.0	intron_variant	0	NR	7e-17	16.154901959985743				NR [6788758] (imputed)	N	blood glucose amount	http://purl.obolibrary.org/obo/OBA_VT0000188	GCST90297787	Genome-wide sequencing
2024-03-06	38372780	Zhen J	2024-02-19	Diabetologia	www.ncbi.nlm.nih.gov/pubmed/38372780	Genome-wide association and Mendelian randomisation analysis among 30,699 Chinese pregnant women identifies novel genetic and molecular risk factors for gestational diabetes and glycaemic traits.	Oral glucose tolerance test-0h	24,929 East Asian ancestry individuals	6,542 East Asian ancestry individuals	5q15	5	96383142.0		CAST			ENSG00000153113			rs10476553-?	rs10476553	0	10476553.0	intron_variant	0	NR	1.9999999999999998e-42	41.69897000433602				NR [6788765] (imputed)	N	glucose tolerance test	http://www.ebi.ac.uk/efo/EFO_0004307	GCST90297788	Genome-wide sequencing
2024-03-06	38372780	Zhen J	2024-02-19	Diabetologia	www.ncbi.nlm.nih.gov/pubmed/38372780	Genome-wide association and Mendelian randomisation analysis among 30,699 Chinese pregnant women identifies novel genetic and molecular risk factors for gestational diabetes and glycaemic traits.	Oral glucose tolerance test-0h	24,929 East Asian ancestry individuals	6,542 East Asian ancestry individuals	10q22.1	10	69220168.0		SUPV3L1 - HKDC1	ENSG00000156502	ENSG00000156510		11060.0	124.0	rs10823318-?	rs10823318	0	10823318.0	intron_variant	1	NR	4e-13	12.397940008672036				NR [6788765] (imputed)	N	glucose tolerance test	http://www.ebi.ac.uk/efo/EFO_0004307	GCST90297788	Genome-wide sequencing
2024-03-06	38372780	Zhen J	2024-02-19	Diabetologia	www.ncbi.nlm.nih.gov/pubmed/38372780	Genome-wide association and Mendelian randomisation analysis among 30,699 Chinese pregnant women identifies novel genetic and molecular risk factors for gestational diabetes and glycaemic traits.	Oral glucose tolerance test-0h	24,929 East Asian ancestry individuals	6,542 East Asian ancestry individuals	9p24.2	9	4291928.0		GLIS3			ENSG00000107249			rs10974438-?	rs10974438	0	10974438.0	intron_variant	0	NR	2e-11	10.69897000433602				NR [6788765] (imputed)	N	glucose tolerance test	http://www.ebi.ac.uk/efo/EFO_0004307	GCST90297788	Genome-wide sequencing
2024-03-06	38372780	Zhen J	2024-02-19	Diabetologia	www.ncbi.nlm.nih.gov/pubmed/38372780	Genome-wide association and Mendelian randomisation analysis among 30,699 Chinese pregnant women identifies novel genetic and molecular risk factors for gestational diabetes and glycaemic traits.	Oral glucose tolerance test-0h	24,929 East Asian ancestry individuals	6,542 East Asian ancestry individuals	2p16.1	2	60354720.0		MIR4432HG			ENSG00000228590			rs1912980-?	rs1912980	0	1912980.0	intron_variant	0	NR	5e-13	12.30102999566398				NR [6788765] (imputed)	N	glucose tolerance test	http://www.ebi.ac.uk/efo/EFO_0004307	GCST90297788	Genome-wide sequencing
2024-03-06	38372780	Zhen J	2024-02-19	Diabetologia	www.ncbi.nlm.nih.gov/pubmed/38372780	Genome-wide association and Mendelian randomisation analysis among 30,699 Chinese pregnant women identifies novel genetic and molecular risk factors for gestational diabetes and glycaemic traits.	Oral glucose tolerance test-0h	24,929 East Asian ancestry individuals	6,542 East Asian ancestry individuals	6p22.3	6	20665499.0		CDKAL1			ENSG00000145996			rs58048170-?	rs58048170	0	58048170.0	intron_variant	0	NR	4e-08	7.397940008672037				NR [6788765] (imputed)	N	glucose tolerance test	http://www.ebi.ac.uk/efo/EFO_0004307	GCST90297788	Genome-wide sequencing
2024-03-06	38372780	Zhen J	2024-02-19	Diabetologia	www.ncbi.nlm.nih.gov/pubmed/38372780	Genome-wide association and Mendelian randomisation analysis among 30,699 Chinese pregnant women identifies novel genetic and molecular risk factors for gestational diabetes and glycaemic traits.	Oral glucose tolerance test-0h	24,929 East Asian ancestry individuals	6,542 East Asian ancestry individuals	9p24.3	9	687719.0		KANK1			ENSG00000107104			rs59858868-?	rs59858868	0	59858868.0	intron_variant	0	NR	8e-14	13.096910013008056				NR [6788765] (imputed)	N	glucose tolerance test	http://www.ebi.ac.uk/efo/EFO_0004307	GCST90297788	Genome-wide sequencing
2024-03-06	38372780	Zhen J	2024-02-19	Diabetologia	www.ncbi.nlm.nih.gov/pubmed/38372780	Genome-wide association and Mendelian randomisation analysis among 30,699 Chinese pregnant women identifies novel genetic and molecular risk factors for gestational diabetes and glycaemic traits.	Oral glucose tolerance test-0h	24,929 East Asian ancestry individuals	6,542 East Asian ancestry individuals	20p11.21	20	22590445.0		LNCNEF			ENSG00000237396			rs6048209-?	rs6048209	0	6048209.0	intron_variant	0	NR	9.999999999999999e-27	26.0				NR [6788765] (imputed)	N	glucose tolerance test	http://www.ebi.ac.uk/efo/EFO_0004307	GCST90297788	Genome-wide sequencing
2024-03-06	38372780	Zhen J	2024-02-19	Diabetologia	www.ncbi.nlm.nih.gov/pubmed/38372780	Genome-wide association and Mendelian randomisation analysis among 30,699 Chinese pregnant women identifies novel genetic and molecular risk factors for gestational diabetes and glycaemic traits.	Oral glucose tolerance test-0h	24,929 East Asian ancestry individuals	6,542 East Asian ancestry individuals	7p13	7	44184122.0		GCK			ENSG00000106633			rs730497-?	rs730497	0	730497.0	non_coding_transcript_exon_variant	0	NR	1.9999999999999998e-30	29.69897000433602				NR [6788765] (imputed)	N	glucose tolerance test	http://www.ebi.ac.uk/efo/EFO_0004307	GCST90297788	Genome-wide sequencing
2024-03-06	38372780	Zhen J	2024-02-19	Diabetologia	www.ncbi.nlm.nih.gov/pubmed/38372780	Genome-wide association and Mendelian randomisation analysis among 30,699 Chinese pregnant women identifies novel genetic and molecular risk factors for gestational diabetes and glycaemic traits.	Oral glucose tolerance test-0h	24,929 East Asian ancestry individuals	6,542 East Asian ancestry individuals	2p23.3	2	27518370.0		GCKR			ENSG00000084734			rs780094-?	rs780094	0	780094.0	intron_variant	0	NR	4e-11	10.397940008672036				NR [6788765] (imputed)	N	glucose tolerance test	http://www.ebi.ac.uk/efo/EFO_0004307	GCST90297788	Genome-wide sequencing
2024-03-06	38372780	Zhen J	2024-02-19	Diabetologia	www.ncbi.nlm.nih.gov/pubmed/38372780	Genome-wide association and Mendelian randomisation analysis among 30,699 Chinese pregnant women identifies novel genetic and molecular risk factors for gestational diabetes and glycaemic traits.	Oral glucose tolerance test-0h	24,929 East Asian ancestry individuals	6,542 East Asian ancestry individuals	11q14.3	11	92966500.0		SNRPGP16 - MTNR1B	ENSG00000255287	ENSG00000134640		28834.0	3151.0	rs7941837-?	rs7941837	0	7941837.0	intron_variant	1	NR	9.999999999999999e-64	63.0				NR [6788765] (imputed)	N	glucose tolerance test	http://www.ebi.ac.uk/efo/EFO_0004307	GCST90297788	Genome-wide sequencing
2024-03-06	38372780	Zhen J	2024-02-19	Diabetologia	www.ncbi.nlm.nih.gov/pubmed/38372780	Genome-wide association and Mendelian randomisation analysis among 30,699 Chinese pregnant women identifies novel genetic and molecular risk factors for gestational diabetes and glycaemic traits.	Oral glucose tolerance test-0h	24,929 East Asian ancestry individuals	6,542 East Asian ancestry individuals	2q31.1	2	168956886.0		ABCB11			ENSG00000073734			rs853774-?	rs853774	0	853774.0	intron_variant	0	NR	1e-33	33.0				NR [6788765] (imputed)	N	glucose tolerance test	http://www.ebi.ac.uk/efo/EFO_0004307	GCST90297788	Genome-wide sequencing
2024-03-06	38372780	Zhen J	2024-02-19	Diabetologia	www.ncbi.nlm.nih.gov/pubmed/38372780	Genome-wide association and Mendelian randomisation analysis among 30,699 Chinese pregnant women identifies novel genetic and molecular risk factors for gestational diabetes and glycaemic traits.	Oral glucose tolerance test-1h	24,931 East Asian ancestry individuals	6,542 East Asian ancestry individuals	11p13	11	35413115.0		SLC1A2			ENSG00000110436			rs1001525-?	rs1001525	0	1001525.0	intron_variant	0	NR	9e-09	8.045757490560675				NR [6788767] (imputed)	N	glucose tolerance test	http://www.ebi.ac.uk/efo/EFO_0004307	GCST90297789	Genome-wide sequencing
2024-03-06	38372780	Zhen J	2024-02-19	Diabetologia	www.ncbi.nlm.nih.gov/pubmed/38372780	Genome-wide association and Mendelian randomisation analysis among 30,699 Chinese pregnant women identifies novel genetic and molecular risk factors for gestational diabetes and glycaemic traits.	Oral glucose tolerance test-1h	24,931 East Asian ancestry individuals	6,542 East Asian ancestry individuals	6p22.3	6	20716830.0		CDKAL1			ENSG00000145996			rs118083802-?	rs118083802	0	118083802.0	intron_variant	0	NR	2e-12	11.69897000433602				NR [6788767] (imputed)	N	glucose tolerance test	http://www.ebi.ac.uk/efo/EFO_0004307	GCST90297789	Genome-wide sequencing
2024-03-06	38372780	Zhen J	2024-02-19	Diabetologia	www.ncbi.nlm.nih.gov/pubmed/38372780	Genome-wide association and Mendelian randomisation analysis among 30,699 Chinese pregnant women identifies novel genetic and molecular risk factors for gestational diabetes and glycaemic traits.	Oral glucose tolerance test-1h	24,931 East Asian ancestry individuals	6,542 East Asian ancestry individuals	2p23.3	2	27525730.0		GCKR - SPATA31H1	ENSG00000084734	ENSG00000221843		2042.0	11656.0	rs1260334-?	rs1260334	0	1260334.0	intergenic_variant	1	NR	7e-12	11.154901959985745				NR [6788767] (imputed)	N	glucose tolerance test	http://www.ebi.ac.uk/efo/EFO_0004307	GCST90297789	Genome-wide sequencing
2024-03-06	38372780	Zhen J	2024-02-19	Diabetologia	www.ncbi.nlm.nih.gov/pubmed/38372780	Genome-wide association and Mendelian randomisation analysis among 30,699 Chinese pregnant women identifies novel genetic and molecular risk factors for gestational diabetes and glycaemic traits.	Oral glucose tolerance test-1h	24,931 East Asian ancestry individuals	6,542 East Asian ancestry individuals	6p21.2	6	39078868.0		GLP1R			ENSG00000112164			rs742762-?	rs742762	0	742762.0	intron_variant	0	NR	2e-10	9.69897000433602				NR [6788767] (imputed)	N	glucose tolerance test	http://www.ebi.ac.uk/efo/EFO_0004307	GCST90297789	Genome-wide sequencing
2024-03-06	38372780	Zhen J	2024-02-19	Diabetologia	www.ncbi.nlm.nih.gov/pubmed/38372780	Genome-wide association and Mendelian randomisation analysis among 30,699 Chinese pregnant women identifies novel genetic and molecular risk factors for gestational diabetes and glycaemic traits.	Oral glucose tolerance test-1h	24,931 East Asian ancestry individuals	6,542 East Asian ancestry individuals	4q12	4	57492982.0		LINC02380 - SRIP1	ENSG00000248505	ENSG00000248660		14641.0	610165.0	rs7683010-?	rs7683010	0	7683010.0	intron_variant	1	NR	7e-10	9.154901959985745				NR [6788767] (imputed)	N	glucose tolerance test	http://www.ebi.ac.uk/efo/EFO_0004307	GCST90297789	Genome-wide sequencing
2024-03-06	38372780	Zhen J	2024-02-19	Diabetologia	www.ncbi.nlm.nih.gov/pubmed/38372780	Genome-wide association and Mendelian randomisation analysis among 30,699 Chinese pregnant women identifies novel genetic and molecular risk factors for gestational diabetes and glycaemic traits.	Oral glucose tolerance test-1h	24,931 East Asian ancestry individuals	6,542 East Asian ancestry individuals	11q14.3	11	92966500.0		SNRPGP16 - MTNR1B	ENSG00000255287	ENSG00000134640		28834.0	3151.0	rs7941837-?	rs7941837	0	7941837.0	intron_variant	1	NR	6e-94	93.22184874961636				NR [6788767] (imputed)	N	glucose tolerance test	http://www.ebi.ac.uk/efo/EFO_0004307	GCST90297789	Genome-wide sequencing
2024-03-06	38372780	Zhen J	2024-02-19	Diabetologia	www.ncbi.nlm.nih.gov/pubmed/38372780	Genome-wide association and Mendelian randomisation analysis among 30,699 Chinese pregnant women identifies novel genetic and molecular risk factors for gestational diabetes and glycaemic traits.	Oral glucose tolerance test-1h	24,931 East Asian ancestry individuals	6,542 East Asian ancestry individuals	8q24.11	8	117191781.0		SLC30A8 - MED30	ENSG00000164756	ENSG00000164758		15067.0	328929.0	rs9650069-?	rs9650069	0	9650069.0	intergenic_variant	1	NR	3e-12	11.522878745280336				NR [6788767] (imputed)	N	glucose tolerance test	http://www.ebi.ac.uk/efo/EFO_0004307	GCST90297789	Genome-wide sequencing
2024-03-06	38372780	Zhen J	2024-02-19	Diabetologia	www.ncbi.nlm.nih.gov/pubmed/38372780	Genome-wide association and Mendelian randomisation analysis among 30,699 Chinese pregnant women identifies novel genetic and molecular risk factors for gestational diabetes and glycaemic traits.	Oral glucose tolerance test-2h	24,931 East Asian ancestry individuals	6,542 East Asian ancestry individuals	11q14.3	11	92965261.0		SNRPGP16 - MTNR1B	ENSG00000255287	ENSG00000134640		27595.0	4390.0	rs10830962-?	rs10830962	0	10830962.0	intron_variant	1	NR	1e-38	38.0				NR [6788766] (imputed)	N	glucose tolerance test	http://www.ebi.ac.uk/efo/EFO_0004307	GCST90297790	Genome-wide sequencing
2024-03-06	38372780	Zhen J	2024-02-19	Diabetologia	www.ncbi.nlm.nih.gov/pubmed/38372780	Genome-wide association and Mendelian randomisation analysis among 30,699 Chinese pregnant women identifies novel genetic and molecular risk factors for gestational diabetes and glycaemic traits.	Oral glucose tolerance test-2h	24,931 East Asian ancestry individuals	6,542 East Asian ancestry individuals	7p13	7	44109506.0		AEBP1			ENSG00000106624			rs11975703-?	rs11975703	0	11975703.0	intron_variant	0	NR	1e-11	11.0				NR [6788766] (imputed)	N	glucose tolerance test	http://www.ebi.ac.uk/efo/EFO_0004307	GCST90297790	Genome-wide sequencing
2024-03-06	38372780	Zhen J	2024-02-19	Diabetologia	www.ncbi.nlm.nih.gov/pubmed/38372780	Genome-wide association and Mendelian randomisation analysis among 30,699 Chinese pregnant women identifies novel genetic and molecular risk factors for gestational diabetes and glycaemic traits.	Oral glucose tolerance test-2h	24,931 East Asian ancestry individuals	6,542 East Asian ancestry individuals	10q22.1	10	69223185.0		HKDC1			ENSG00000156510			rs4746822-?	rs4746822	0	4746822.0	non_coding_transcript_exon_variant	0	NR	9.999999999999999e-26	25.0				NR [6788766] (imputed)	N	glucose tolerance test	http://www.ebi.ac.uk/efo/EFO_0004307	GCST90297790	Genome-wide sequencing
2024-03-06	38372780	Zhen J	2024-02-19	Diabetologia	www.ncbi.nlm.nih.gov/pubmed/38372780	Genome-wide association and Mendelian randomisation analysis among 30,699 Chinese pregnant women identifies novel genetic and molecular risk factors for gestational diabetes and glycaemic traits.	Oral glucose tolerance test-2h	24,931 East Asian ancestry individuals	6,542 East Asian ancestry individuals	6p22.3	6	20686342.0		CDKAL1			ENSG00000145996			rs7766070-?	rs7766070	0	7766070.0	intron_variant	0	NR	3.9999999999999997e-25	24.397940008672037				NR [6788766] (imputed)	N	glucose tolerance test	http://www.ebi.ac.uk/efo/EFO_0004307	GCST90297790	Genome-wide sequencing
2024-01-17	38182742	Elliott A	2024-01-05	Nat Genet	www.ncbi.nlm.nih.gov/pubmed/38182742	Distinct and shared genetic architectures of gestational diabetes mellitus and type 2 diabetes.	Gestational diabetes	12,332 Finnish ancestry cases, 131,109 Finnish ancestry controls	8,931 European ancestry cases, 170,809 European ancestry controls	2p23.3	2	27519736.0		GCKR			ENSG00000084734			rs780093-?	rs780093	0	780093.0	intron_variant	0	NR	8e-13	12.096910013008056		0.12	[0.087-0.153] unit increase	NR [20149508] (imputed)	N	gestational diabetes	http://www.ebi.ac.uk/efo/EFO_0004593	GCST90296696	Genome-wide genotyping array
2024-01-17	38182742	Elliott A	2024-01-05	Nat Genet	www.ncbi.nlm.nih.gov/pubmed/38182742	Distinct and shared genetic architectures of gestational diabetes mellitus and type 2 diabetes.	Gestational diabetes	12,332 Finnish ancestry cases, 131,109 Finnish ancestry controls	8,931 European ancestry cases, 170,809 European ancestry controls	2q31.1	2	168900844.0		SPC25			ENSG00000152253			rs1402837-?	rs1402837	0	1402837.0	intergenic_variant	0	NR	5e-09	8.301029995663981		0.12	[0.079-0.161] unit increase	NR [20149508] (imputed)	N	gestational diabetes	http://www.ebi.ac.uk/efo/EFO_0004593	GCST90296696	Genome-wide genotyping array
2024-01-17	38182742	Elliott A	2024-01-05	Nat Genet	www.ncbi.nlm.nih.gov/pubmed/38182742	Distinct and shared genetic architectures of gestational diabetes mellitus and type 2 diabetes.	Gestational diabetes	12,332 Finnish ancestry cases, 131,109 Finnish ancestry controls	8,931 European ancestry cases, 170,809 European ancestry controls	3q21.1	3	123376465.0		ADCY5			ENSG00000173175			rs6798189-?	rs6798189	0	6798189.0	intron_variant	0	NR	5e-10	9.30102999566398		0.14	[0.097-0.183] unit decrease	NR [20149508] (imputed)	N	gestational diabetes	http://www.ebi.ac.uk/efo/EFO_0004593	GCST90296696	Genome-wide genotyping array
2024-01-17	38182742	Elliott A	2024-01-05	Nat Genet	www.ncbi.nlm.nih.gov/pubmed/38182742	Distinct and shared genetic architectures of gestational diabetes mellitus and type 2 diabetes.	Gestational diabetes	12,332 Finnish ancestry cases, 131,109 Finnish ancestry controls	8,931 European ancestry cases, 170,809 European ancestry controls	5q15	5	96360881.0		CAST			ENSG00000153113			rs1820176-?	rs1820176	0	1820176.0	intron_variant	0	NR	2e-17	16.69897000433602		0.16	[0.12-0.2] unit decrease	NR [20149508] (imputed)	N	gestational diabetes	http://www.ebi.ac.uk/efo/EFO_0004593	GCST90296696	Genome-wide genotyping array
2024-01-17	38182742	Elliott A	2024-01-05	Nat Genet	www.ncbi.nlm.nih.gov/pubmed/38182742	Distinct and shared genetic architectures of gestational diabetes mellitus and type 2 diabetes.	Gestational diabetes	12,332 Finnish ancestry cases, 131,109 Finnish ancestry controls	8,931 European ancestry cases, 170,809 European ancestry controls	6p22.3	6	20676184.0		CDKAL1			ENSG00000145996			rs34499031-?	rs34499031	0	34499031.0	intron_variant	0	NR	2e-08	7.698970004336019		0.1	[0.065-0.135] unit increase	NR [20149508] (imputed)	N	gestational diabetes	http://www.ebi.ac.uk/efo/EFO_0004593	GCST90296696	Genome-wide genotyping array
2024-01-17	38182742	Elliott A	2024-01-05	Nat Genet	www.ncbi.nlm.nih.gov/pubmed/38182742	Distinct and shared genetic architectures of gestational diabetes mellitus and type 2 diabetes.	Gestational diabetes	12,332 Finnish ancestry cases, 131,109 Finnish ancestry controls	8,931 European ancestry cases, 170,809 European ancestry controls	10q25.2	10	112994312.0		TCF7L2			ENSG00000148737			rs34872471-?	rs34872471	0	34872471.0	intron_variant	0	NR	1e-12	12.0		0.14	[0.1-0.18] unit increase	NR [20149508] (imputed)	N	gestational diabetes	http://www.ebi.ac.uk/efo/EFO_0004593	GCST90296696	Genome-wide genotyping array
2024-01-17	38182742	Elliott A	2024-01-05	Nat Genet	www.ncbi.nlm.nih.gov/pubmed/38182742	Distinct and shared genetic architectures of gestational diabetes mellitus and type 2 diabetes.	Gestational diabetes	12,332 Finnish ancestry cases, 131,109 Finnish ancestry controls	8,931 European ancestry cases, 170,809 European ancestry controls	11q14.3	11	92975544.0		MTNR1B			ENSG00000134640			rs10830963-?	rs10830963	0	10830963.0	intron_variant	0	NR	2e-146	145.69897000433602		0.43	[0.4-0.46] unit increase	NR [20149508] (imputed)	N	gestational diabetes	http://www.ebi.ac.uk/efo/EFO_0004593	GCST90296696	Genome-wide genotyping array
2024-01-17	38182742	Elliott A	2024-01-05	Nat Genet	www.ncbi.nlm.nih.gov/pubmed/38182742	Distinct and shared genetic architectures of gestational diabetes mellitus and type 2 diabetes.	Gestational diabetes	12,332 Finnish ancestry cases, 131,109 Finnish ancestry controls	8,931 European ancestry cases, 170,809 European ancestry controls	12p13.32	12	4275678.0		CCND2, CCND2-AS1			ENSG00000118971, ENSG00000255920			rs76895963-?	rs76895963	0	76895963.0	non_coding_transcript_exon_variant	0	NR	3e-12	11.522878745280336		0.41	[0.29-0.53] unit decrease	NR [20149508] (imputed)	N	gestational diabetes	http://www.ebi.ac.uk/efo/EFO_0004593	GCST90296696	Genome-wide genotyping array
2024-01-17	38182742	Elliott A	2024-01-05	Nat Genet	www.ncbi.nlm.nih.gov/pubmed/38182742	Distinct and shared genetic architectures of gestational diabetes mellitus and type 2 diabetes.	Gestational diabetes	12,332 Finnish ancestry cases, 131,109 Finnish ancestry controls	8,931 European ancestry cases, 170,809 European ancestry controls	Xp22.12	X	19380197.0		MAP3K15			ENSG00000180815			rs56381411-?	rs56381411	0	56381411.0	missense_variant	0	NR	4e-06	5.3979400086720375		0.4	[0.23-0.57] unit decrease	NR [20149508] (imputed)	N	gestational diabetes	http://www.ebi.ac.uk/efo/EFO_0004593	GCST90296696	Genome-wide genotyping array
2024-10-17	38087213	Yue S	2023-12-12	BMC Pregnancy Childbirth	www.ncbi.nlm.nih.gov/pubmed/38087213	Genome-wide analysis study of gestational diabetes mellitus and related pathogenic factors in a Chinese Han population.	Gestational diabetes mellitus	199 Han Chinese ancestry female cases, 199 Han Chinese ancestry female controls		17p13.2	17	3524882.0		TRPV3			ENSG00000167723			rs62069863-?	rs62069863	0	62069863.0	intron_variant	0	NR	2e-07	6.698970004336019		2.196	[1.629-2.96]	Illumina [301518]	N	gestational diabetes	http://www.ebi.ac.uk/efo/EFO_0004593	GCST90454184	Genome-wide genotyping array
2024-10-17	38087213	Yue S	2023-12-12	BMC Pregnancy Childbirth	www.ncbi.nlm.nih.gov/pubmed/38087213	Genome-wide analysis study of gestational diabetes mellitus and related pathogenic factors in a Chinese Han population.	Gestational diabetes mellitus	199 Han Chinese ancestry female cases, 199 Han Chinese ancestry female controls		1p13.3	1	107057296.0		PRMT6			ENSG00000198890			rs2232016-?	rs2232016	0	2232016.0	missense_variant	0	NR	1e-06	6.0		2.689	[1.785-4.051]	Illumina [301518]	N	gestational diabetes	http://www.ebi.ac.uk/efo/EFO_0004593	GCST90454184	Genome-wide genotyping array
2025-02-21	38367033	Lee K	2024-02-17	Diabetologia	www.ncbi.nlm.nih.gov/pubmed/38367033	Metabolomic and genetic architecture of gestational diabetes subtypes.	Gestational diabetes mellitus	1,323 cases, 6,744 controls		2p23.3	2	27508073.0		GCKR			ENSG00000084734			rs1260326-?	rs1260326	0	1260326.0	missense_variant	0	NR	5e-13	12.30102999566398		1.43		Illumina [9419653] (imputed)	N	gestational diabetes	http://www.ebi.ac.uk/efo/EFO_0004593	GCST90557999	Genome-wide genotyping array
2025-02-21	38367033	Lee K	2024-02-17	Diabetologia	www.ncbi.nlm.nih.gov/pubmed/38367033	Metabolomic and genetic architecture of gestational diabetes subtypes.	Gestational diabetes mellitus	1,323 cases, 6,744 controls		11q14.3	11	92975544.0		MTNR1B			ENSG00000134640			rs10830963-?	rs10830963	0	10830963.0	intron_variant	0	NR	3e-18	17.522878745280337		1.55		Illumina [9419653] (imputed)	N	gestational diabetes	http://www.ebi.ac.uk/efo/EFO_0004593	GCST90557999	Genome-wide genotyping array
2025-02-21	38367033	Lee K	2024-02-17	Diabetologia	www.ncbi.nlm.nih.gov/pubmed/38367033	Metabolomic and genetic architecture of gestational diabetes subtypes.	Insulin-deficient gestational diabetes mellitus	289 cases, 6,744 controls		11q14.3	11	92975544.0		MTNR1B			ENSG00000134640			rs10830963-?	rs10830963	0	10830963.0	intron_variant	0	NR	3e-06	5.522878745280337		1.54		Illumina [9419653] (imputed)	N	gestational diabetes	http://www.ebi.ac.uk/efo/EFO_0004593	GCST90558000	Genome-wide genotyping array
2025-02-21	38367033	Lee K	2024-02-17	Diabetologia	www.ncbi.nlm.nih.gov/pubmed/38367033	Metabolomic and genetic architecture of gestational diabetes subtypes.	Insulin-resistant gestational diabetes mellitus	742 cases, 6,744 controls		2p23.3	2	27508073.0		GCKR			ENSG00000084734			rs1260326-?	rs1260326	0	1260326.0	missense_variant	0	NR	1e-13	13.0		1.6		Illumina [9419653] (imputed)	N	gestational diabetes	http://www.ebi.ac.uk/efo/EFO_0004593	GCST90558001	Genome-wide genotyping array
2025-02-21	38367033	Lee K	2024-02-17	Diabetologia	www.ncbi.nlm.nih.gov/pubmed/38367033	Metabolomic and genetic architecture of gestational diabetes subtypes.	Insulin-resistant gestational diabetes mellitus	742 cases, 6,744 controls		11q14.3	11	92975544.0		MTNR1B			ENSG00000134640			rs10830963-?	rs10830963	0	10830963.0	intron_variant	0	NR	1e-09	9.0		1.49		Illumina [9419653] (imputed)	N	gestational diabetes	http://www.ebi.ac.uk/efo/EFO_0004593	GCST90558001	Genome-wide genotyping array
2019-08-16	31269844	Wu NN	2019-07-03	J Matern Fetal Neonatal Med	www.ncbi.nlm.nih.gov/pubmed/31269844	A genome-wide association study of gestational diabetes mellitus in Chinese women.	Diabetes (gestational)	103 Han Chinese ancestry cases, 115 Han Chinese ancestry controls					CDH18							kgp12506180-C	kgp12506180	0			1	0.2217	7e-06	5.154901959985743		3.9077766	[NR]	Illumina [65535]	N	gestational diabetes	http://www.ebi.ac.uk/efo/EFO_0004593	GCST008448	Genome-wide genotyping array
2019-08-16	31269844	Wu NN	2019-07-03	J Matern Fetal Neonatal Med	www.ncbi.nlm.nih.gov/pubmed/31269844	A genome-wide association study of gestational diabetes mellitus in Chinese women.	Diabetes (gestational)	103 Han Chinese ancestry cases, 115 Han Chinese ancestry controls		13q31.1	13.0	85834386.0	intergenic	SLITRK6 - MOB1AP1	ENSG00000184564	ENSG00000228241		27703.0	134613.0	rs10220124-A	rs10220124	0	10220124.0	intergenic_variant	1	0.008696	3e-06	5.522878745280337		14.65	[NR]	Illumina [65535]	N	gestational diabetes	http://www.ebi.ac.uk/efo/EFO_0004593	GCST008448	Genome-wide genotyping array
2019-08-16	31269844	Wu NN	2019-07-03	J Matern Fetal Neonatal Med	www.ncbi.nlm.nih.gov/pubmed/31269844	A genome-wide association study of gestational diabetes mellitus in Chinese women.	Diabetes (gestational)	103 Han Chinese ancestry cases, 115 Han Chinese ancestry controls		19q13.2	19.0	40635529.0	intergenic	LTBP4 - NUMBL	ENSG00000090006	ENSG00000105245		5708.0	30376.0	rs7254268-A	rs7254268	0	7254268.0	intergenic_variant	1	0.213	7e-06	5.154901959985743		2.595	[NR]	Illumina [65535]	N	gestational diabetes	http://www.ebi.ac.uk/efo/EFO_0004593	GCST008448	Genome-wide genotyping array
2024-05-23	37779084	Li Y	2023-09-30	Endocr J	www.ncbi.nlm.nih.gov/pubmed/37779084	Associations between a polygenic risk score and the risk of gestational diabetes mellitus in a Chinese population: a case-control study.	Gestational diabetes mellitus	638 Chinese ancestry cases, 1,062 Chinese ancestry controls		1p36.13	1	18663757.0		PAX7			ENSG00000009709			rs2236835-A	rs2236835	0	2236835.0	intron_variant	0	NR	8e-10	9.096910013008056		0.1	unit increase	NR [NR]	N	gestational diabetes	http://www.ebi.ac.uk/efo/EFO_0004593	GCST90428870	Genome-wide sequencing
2024-05-23	37779084	Li Y	2023-09-30	Endocr J	www.ncbi.nlm.nih.gov/pubmed/37779084	Associations between a polygenic risk score and the risk of gestational diabetes mellitus in a Chinese population: a case-control study.	Gestational diabetes mellitus	638 Chinese ancestry cases, 1,062 Chinese ancestry controls		3p14.3	3	55279372.0		LINC02030			ENSG00000240708			rs358806-A	rs358806	0	358806.0	intron_variant	0	NR	8e-08	7.096910013008056		0.09	unit decrease	NR [NR]	N	gestational diabetes	http://www.ebi.ac.uk/efo/EFO_0004593	GCST90428870	Genome-wide sequencing
2024-05-23	37779084	Li Y	2023-09-30	Endocr J	www.ncbi.nlm.nih.gov/pubmed/37779084	Associations between a polygenic risk score and the risk of gestational diabetes mellitus in a Chinese population: a case-control study.	Gestational diabetes mellitus	638 Chinese ancestry cases, 1,062 Chinese ancestry controls		9p24.2	9	4292083.0		GLIS3			ENSG00000107249			rs10758593-A	rs10758593	0	10758593.0	intron_variant	0	NR	8e-08	7.096910013008056		0.09	unit increase	NR [NR]	N	gestational diabetes	http://www.ebi.ac.uk/efo/EFO_0004593	GCST90428870	Genome-wide sequencing
2024-05-23	37779084	Li Y	2023-09-30	Endocr J	www.ncbi.nlm.nih.gov/pubmed/37779084	Associations between a polygenic risk score and the risk of gestational diabetes mellitus in a Chinese population: a case-control study.	Gestational diabetes mellitus	638 Chinese ancestry cases, 1,062 Chinese ancestry controls		9p22.1	9	18797922.0		ADAMTSL1			ENSG00000178031			rs10963767-C	rs10963767	0	10963767.0	intron_variant	0	NR	4e-15	14.397940008672036		0.14	unit increase	NR [NR]	N	gestational diabetes	http://www.ebi.ac.uk/efo/EFO_0004593	GCST90428870	Genome-wide sequencing
2024-05-23	37779084	Li Y	2023-09-30	Endocr J	www.ncbi.nlm.nih.gov/pubmed/37779084	Associations between a polygenic risk score and the risk of gestational diabetes mellitus in a Chinese population: a case-control study.	Gestational diabetes mellitus	638 Chinese ancestry cases, 1,062 Chinese ancestry controls		10p11.23	10	31072535.0		LINC02664			ENSG00000272381			rs7095095-G	rs7095095	0	7095095.0	intron_variant	0	NR	9e-08	7.045757490560675		0.09	unit decrease	NR [NR]	N	gestational diabetes	http://www.ebi.ac.uk/efo/EFO_0004593	GCST90428870	Genome-wide sequencing
2024-05-23	37779084	Li Y	2023-09-30	Endocr J	www.ncbi.nlm.nih.gov/pubmed/37779084	Associations between a polygenic risk score and the risk of gestational diabetes mellitus in a Chinese population: a case-control study.	Gestational diabetes mellitus	638 Chinese ancestry cases, 1,062 Chinese ancestry controls		10q25.2	10	112998590.0		TCF7L2			ENSG00000148737			rs7903146-T	rs7903146	0	7903146.0	intron_variant	0	NR	2e-19	18.69897000433602		0.18	unit increase	NR [NR]	N	gestational diabetes	http://www.ebi.ac.uk/efo/EFO_0004593	GCST90428870	Genome-wide sequencing
2024-05-23	37779084	Li Y	2023-09-30	Endocr J	www.ncbi.nlm.nih.gov/pubmed/37779084	Associations between a polygenic risk score and the risk of gestational diabetes mellitus in a Chinese population: a case-control study.	Gestational diabetes mellitus	638 Chinese ancestry cases, 1,062 Chinese ancestry controls		11q24.2	11	124870795.0		ROBO3			ENSG00000154134			rs7925879-G	rs7925879	0	7925879.0	intron_variant	0	NR	3e-11	10.522878745280336		0.11	unit increase	NR [NR]	N	gestational diabetes	http://www.ebi.ac.uk/efo/EFO_0004593	GCST90428870	Genome-wide sequencing
2024-05-23	37779084	Li Y	2023-09-30	Endocr J	www.ncbi.nlm.nih.gov/pubmed/37779084	Associations between a polygenic risk score and the risk of gestational diabetes mellitus in a Chinese population: a case-control study.	Gestational diabetes mellitus	638 Chinese ancestry cases, 1,062 Chinese ancestry controls												chr16:81534790-A	Chr16:81534790	0			1	NR	6e-12	11.221848749616356		0.12	unit increase	NR [NR]	N	gestational diabetes	http://www.ebi.ac.uk/efo/EFO_0004593	GCST90428870	Genome-wide sequencing
2024-05-23	37779084	Li Y	2023-09-30	Endocr J	www.ncbi.nlm.nih.gov/pubmed/37779084	Associations between a polygenic risk score and the risk of gestational diabetes mellitus in a Chinese population: a case-control study.	Gestational diabetes mellitus	638 Chinese ancestry cases, 1,062 Chinese ancestry controls		19q13.11	19	33402102.0		PEPD			ENSG00000124299			rs3786897-G	rs3786897	0	3786897.0	intron_variant	0	NR	7e-11	10.154901959985745		0.11	unit increase	NR [NR]	N	gestational diabetes	http://www.ebi.ac.uk/efo/EFO_0004593	GCST90428870	Genome-wide sequencing
2024-05-23	37779084	Li Y	2023-09-30	Endocr J	www.ncbi.nlm.nih.gov/pubmed/37779084	Associations between a polygenic risk score and the risk of gestational diabetes mellitus in a Chinese population: a case-control study.	Gestational diabetes mellitus	638 Chinese ancestry cases, 1,062 Chinese ancestry controls		20q13.31	20	57357551.0		MTND1P9, RAE1			ENSG00000228995, ENSG00000101146			rs4811839-G	rs4811839	0	4811839.0	non_coding_transcript_exon_variant	0	NR	6e-10	9.221848749616356		0.1	unit increase	NR [NR]	N	gestational diabetes	http://www.ebi.ac.uk/efo/EFO_0004593	GCST90428870	Genome-wide sequencing
2024-05-23	37779084	Li Y	2023-09-30	Endocr J	www.ncbi.nlm.nih.gov/pubmed/37779084	Associations between a polygenic risk score and the risk of gestational diabetes mellitus in a Chinese population: a case-control study.	Gestational diabetes mellitus	638 Chinese ancestry cases, 1,062 Chinese ancestry controls		22q13.33	22	49962654.0		PIM3			ENSG00000198355			rs28691713-T	rs28691713	0	28691713.0	intron_variant	0	NR	7e-08	7.154901959985743		0.08	unit increase	NR [NR]	N	gestational diabetes	http://www.ebi.ac.uk/efo/EFO_0004593	GCST90428870	Genome-wide sequencing
2024-05-23	37779084	Li Y	2023-09-30	Endocr J	www.ncbi.nlm.nih.gov/pubmed/37779084	Associations between a polygenic risk score and the risk of gestational diabetes mellitus in a Chinese population: a case-control study.	Gestational diabetes mellitus	638 Chinese ancestry cases, 1,062 Chinese ancestry controls		Xp22.11	X	23900803.0		APOO			ENSG00000184831			rs12009114-C	rs12009114	0	12009114.0	intron_variant	0	NR	6e-08	7.221848749616356		0.08	unit increase	NR [NR]	N	gestational diabetes	http://www.ebi.ac.uk/efo/EFO_0004593	GCST90428870	Genome-wide sequencing
2012-02-02	22233651	Kwak SH	2012-01-10	Diabetes	www.ncbi.nlm.nih.gov/pubmed/22233651	A genome-wide association study of gestational diabetes mellitus in Korean women.	Diabetes (gestational)	468 Korean ancestry cases, 1,242 Korean ancestry controls	931 Korean ancestry cases, 783 Korean ancestry controls	11q14.3	11	92965261.0	MTNR1B	SNRPGP16 - MTNR1B	ENSG00000255287	ENSG00000134640		27595.0	4390.0	rs10830962-G	rs10830962	0	10830962.0	intron_variant	1	0.43	2e-13	12.69897000433602		1.454	[1.315-1.608]	Affymetrix [2188613] (imputed)	N	gestational diabetes	http://www.ebi.ac.uk/efo/EFO_0004593	GCST001375	Genome-wide genotyping array
2012-02-02	22233651	Kwak SH	2012-01-10	Diabetes	www.ncbi.nlm.nih.gov/pubmed/22233651	A genome-wide association study of gestational diabetes mellitus in Korean women.	Diabetes (gestational)	468 Korean ancestry cases, 1,242 Korean ancestry controls	931 Korean ancestry cases, 783 Korean ancestry controls	3q27.2	3	185811292.0	IGF2BP2	IGF2BP2			ENSG00000073792			rs1470579-C	rs1470579	0	1470579.0	intron_variant	0	0.293	2e-07	6.698970004336019		1.332	[1.197-1.484]	Affymetrix [2188613] (imputed)	N	gestational diabetes	http://www.ebi.ac.uk/efo/EFO_0004593	GCST001375	Genome-wide genotyping array
2012-02-02	22233651	Kwak SH	2012-01-10	Diabetes	www.ncbi.nlm.nih.gov/pubmed/22233651	A genome-wide association study of gestational diabetes mellitus in Korean women.	Diabetes (gestational)	468 Korean ancestry cases, 1,242 Korean ancestry controls	931 Korean ancestry cases, 783 Korean ancestry controls	6p22.3	6	20661019.0	CDKAL1	CDKAL1			ENSG00000145996			rs7754840-C	rs7754840	0	7754840.0	intron_variant	0	0.445	7e-16	15.154901959985745		1.518	[1.372-1.680]	Affymetrix [2188613] (imputed)	N	gestational diabetes	http://www.ebi.ac.uk/efo/EFO_0004593	GCST001375	Genome-wide genotyping array
2022-11-25	35220425	Pervjakova N	2022-02-26	Hum Mol Genet	www.ncbi.nlm.nih.gov/pubmed/35220425	Multi-ancestry genome-wide association study of gestational diabetes mellitus highlights genetic links with type 2 diabetes.	Gestational diabetes mellitus	91 African American cases, up to 985 African American controls, 867 East Asian ancestry cases, up to 2,984 East Asian ancestry controls, 3,780 European ancestry cases, up to 344,902 European ancestry controls, 174 Hispanic American cases, up to 619 Hispanic American controls, 573 South Asian ancestry cases, up to 3,761 South Asian ancestry controls		11q14.3	11	92975544.0		MTNR1B			ENSG00000134640			rs10830963-G	rs10830963	0	10830963.0	intron_variant	0	NR	3.9999999999999995e-54	53.39794000867204		1.41	[1.35-1.47]	Affymetrix, Illumina [7791032] (imputed)	N	gestational diabetes	http://www.ebi.ac.uk/efo/EFO_0004593	GCST90239750	Genome-wide genotyping array
2022-11-25	35220425	Pervjakova N	2022-02-26	Hum Mol Genet	www.ncbi.nlm.nih.gov/pubmed/35220425	Multi-ancestry genome-wide association study of gestational diabetes mellitus highlights genetic links with type 2 diabetes.	Gestational diabetes mellitus	91 African American cases, up to 985 African American controls, 867 East Asian ancestry cases, up to 2,984 East Asian ancestry controls, 3,780 European ancestry cases, up to 344,902 European ancestry controls, 174 Hispanic American cases, up to 619 Hispanic American controls, 573 South Asian ancestry cases, up to 3,761 South Asian ancestry controls		10q25.2	10	112998590.0		TCF7L2			ENSG00000148737			rs7903146-T	rs7903146	0	7903146.0	intron_variant	0	NR	4e-16	15.397940008672036		1.22	[1.16-1.27]	Affymetrix, Illumina [7791032] (imputed)	N	gestational diabetes	http://www.ebi.ac.uk/efo/EFO_0004593	GCST90239750	Genome-wide genotyping array
2022-11-25	35220425	Pervjakova N	2022-02-26	Hum Mol Genet	www.ncbi.nlm.nih.gov/pubmed/35220425	Multi-ancestry genome-wide association study of gestational diabetes mellitus highlights genetic links with type 2 diabetes.	Gestational diabetes mellitus	91 African American cases, up to 985 African American controls, 867 East Asian ancestry cases, up to 2,984 East Asian ancestry controls, 3,780 European ancestry cases, up to 344,902 European ancestry controls, 174 Hispanic American cases, up to 619 Hispanic American controls, 573 South Asian ancestry cases, up to 3,761 South Asian ancestry controls		6p22.3	6	20680447.0		CDKAL1			ENSG00000145996			rs9348441-A	rs9348441	0	9348441.0	intron_variant	0	NR	2e-14	13.69897000433602		1.13	[1.08-1.18]	Affymetrix, Illumina [7791032] (imputed)	N	gestational diabetes	http://www.ebi.ac.uk/efo/EFO_0004593	GCST90239750	Genome-wide genotyping array
2022-11-25	35220425	Pervjakova N	2022-02-26	Hum Mol Genet	www.ncbi.nlm.nih.gov/pubmed/35220425	Multi-ancestry genome-wide association study of gestational diabetes mellitus highlights genetic links with type 2 diabetes.	Gestational diabetes mellitus	91 African American cases, up to 985 African American controls, 867 East Asian ancestry cases, up to 2,984 East Asian ancestry controls, 3,780 European ancestry cases, up to 344,902 European ancestry controls, 174 Hispanic American cases, up to 619 Hispanic American controls, 573 South Asian ancestry cases, up to 3,761 South Asian ancestry controls		9p21.3	9	22134254.0		CDKN2B-AS1			ENSG00000240498			rs10811662-G	rs10811662	0	10811662.0	intergenic_variant	0	NR	4e-09	8.397940008672037		1.14	[1.09-1.2]	Affymetrix, Illumina [7791032] (imputed)	N	gestational diabetes	http://www.ebi.ac.uk/efo/EFO_0004593	GCST90239750	Genome-wide genotyping array
2022-11-25	35220425	Pervjakova N	2022-02-26	Hum Mol Genet	www.ncbi.nlm.nih.gov/pubmed/35220425	Multi-ancestry genome-wide association study of gestational diabetes mellitus highlights genetic links with type 2 diabetes.	Gestational diabetes mellitus	91 African American cases, up to 985 African American controls, 867 East Asian ancestry cases, up to 2,984 East Asian ancestry controls, 3,780 European ancestry cases, up to 344,902 European ancestry controls, 174 Hispanic American cases, up to 619 Hispanic American controls, 573 South Asian ancestry cases, up to 3,761 South Asian ancestry controls		10q22.1	10	69223873.0		HKDC1			ENSG00000156510			rs9663238-G	rs9663238	0	9663238.0	intron_variant	0	NR	3e-08	7.522878745280337		1.14	[1.09-1.19]	Affymetrix, Illumina [7791032] (imputed)	N	gestational diabetes	http://www.ebi.ac.uk/efo/EFO_0004593	GCST90239750	Genome-wide genotyping array
2022-11-25	35220425	Pervjakova N	2022-02-26	Hum Mol Genet	www.ncbi.nlm.nih.gov/pubmed/35220425	Multi-ancestry genome-wide association study of gestational diabetes mellitus highlights genetic links with type 2 diabetes.	Gestational diabetes mellitus	91 African American cases, up to 985 African American controls, 867 East Asian ancestry cases, up to 2,984 East Asian ancestry controls, 3,780 European ancestry cases, up to 344,902 European ancestry controls, 174 Hispanic American cases, up to 619 Hispanic American controls, 573 South Asian ancestry cases, up to 3,761 South Asian ancestry controls		2p23.3	2	27508073.0		GCKR			ENSG00000084734			rs1260326-?	rs1260326	0	1260326.0	missense_variant	0	NR	7e-07	6.154901959985743		0.109	[0.068-0.15] unit increase	Affymetrix, Illumina [7791032] (imputed)	N	gestational diabetes	http://www.ebi.ac.uk/efo/EFO_0004593	GCST90239750	Genome-wide genotyping array
2022-11-25	35220425	Pervjakova N	2022-02-26	Hum Mol Genet	www.ncbi.nlm.nih.gov/pubmed/35220425	Multi-ancestry genome-wide association study of gestational diabetes mellitus highlights genetic links with type 2 diabetes.	Gestational diabetes mellitus	91 African American cases, up to 985 African American controls, 867 East Asian ancestry cases, up to 2,984 East Asian ancestry controls, 3,780 European ancestry cases, up to 344,902 European ancestry controls, 174 Hispanic American cases, up to 619 Hispanic American controls, 573 South Asian ancestry cases, up to 3,761 South Asian ancestry controls		3q27.2	3	185792825.0		IGF2BP2			ENSG00000073792			rs7633675-?	rs7633675	0	7633675.0	intron_variant	0	NR	1e-06	6.0		0.0996	[0.058-0.141] unit increase	Affymetrix, Illumina [7791032] (imputed)	N	gestational diabetes	http://www.ebi.ac.uk/efo/EFO_0004593	GCST90239750	Genome-wide genotyping array
2022-11-25	35220425	Pervjakova N	2022-02-26	Hum Mol Genet	www.ncbi.nlm.nih.gov/pubmed/35220425	Multi-ancestry genome-wide association study of gestational diabetes mellitus highlights genetic links with type 2 diabetes.	Gestational diabetes mellitus	91 African American cases, up to 985 African American controls, 867 East Asian ancestry cases, up to 2,984 East Asian ancestry controls, 3,780 European ancestry cases, up to 344,902 European ancestry controls, 174 Hispanic American cases, up to 619 Hispanic American controls, 573 South Asian ancestry cases, up to 3,761 South Asian ancestry controls		11q13.4	11	72749353.0		ARAP1			ENSG00000186635			rs77464186-?	rs77464186	0	77464186.0	intron_variant	0	NR	6e-06	5.221848749616356		0.1119	[0.059-0.165] unit increase	Affymetrix, Illumina [7791032] (imputed)	N	gestational diabetes	http://www.ebi.ac.uk/efo/EFO_0004593	GCST90239750	Genome-wide genotyping array
2022-03-22	34834527	Park S	2021-11-10	J Pers Med	www.ncbi.nlm.nih.gov/pubmed/34834527	Interaction of Polygenetic Variants for Gestational Diabetes Mellitus Risk with Breastfeeding and Korean Balanced Diet to Influence Type 2 Diabetes Risk in Later Life in a Large Hospital-Based Cohort.	Gestational diabetes mellitus	384 cases, 33,956 controls		4q22.1	4	88271640.0		PPM1K			ENSG00000163644			rs6821589-?	rs6821589	0	6821589.0	intron_variant	0	NR	8e-07	6.096910013008056		2.86	[1.8-4.54]	Affymetrix [NR]	N	gestational diabetes	http://www.ebi.ac.uk/efo/EFO_0004593	GCST90095480	Genome-wide genotyping array
2022-03-22	34834527	Park S	2021-11-10	J Pers Med	www.ncbi.nlm.nih.gov/pubmed/34834527	Interaction of Polygenetic Variants for Gestational Diabetes Mellitus Risk with Breastfeeding and Korean Balanced Diet to Influence Type 2 Diabetes Risk in Later Life in a Large Hospital-Based Cohort.	Gestational diabetes mellitus	384 cases, 33,956 controls		10p15.1	10	5977285.0		IL15RA			ENSG00000134470			rs2274034-?	rs2274034	0	2274034.0	intron_variant	0	NR	3e-06	5.522878745280337		0.72	[0.08-0.62]	Affymetrix [NR]	N	gestational diabetes	http://www.ebi.ac.uk/efo/EFO_0004593	GCST90095480	Genome-wide genotyping array
2022-03-22	34834527	Park S	2021-11-10	J Pers Med	www.ncbi.nlm.nih.gov/pubmed/34834527	Interaction of Polygenetic Variants for Gestational Diabetes Mellitus Risk with Breastfeeding and Korean Balanced Diet to Influence Type 2 Diabetes Risk in Later Life in a Large Hospital-Based Cohort.	Gestational diabetes mellitus	384 cases, 33,956 controls		12q21.31	12	79915876.0		PPP1R12A			ENSG00000058272			rs148031082-?	rs148031082	0	148031082.0	intron_variant	0	NR	4e-06	5.3979400086720375		2.48	[1.61-3.82]	Affymetrix [NR]	N	gestational diabetes	http://www.ebi.ac.uk/efo/EFO_0004593	GCST90095480	Genome-wide genotyping array
